type,native,android,symbol,unicode,utf-8,description
emoticon,ğŸ˜,ğŸ˜,ğŸ˜,U+1F601,\xF0\x9F\x98\x81,grinning face with smiling eyes
emoticon,ğŸ˜‚,ğŸ˜‚,ğŸ˜‚,U+1F602,\xF0\x9F\x98\x82,face with tears of joy
emoticon,ğŸ˜ƒ,ğŸ˜ƒ,ğŸ˜ƒ,U+1F603,\xF0\x9F\x98\x83,smiling face with open mouth
emoticon,ğŸ˜„,ğŸ˜„,ğŸ˜„,U+1F604,\xF0\x9F\x98\x84,smiling face with open mouth and smiling eyes
emoticon,ğŸ˜…,ğŸ˜…,ğŸ˜…,U+1F605,\xF0\x9F\x98\x85,smiling face with open mouth and cold sweat
emoticon,ğŸ˜†,ğŸ˜†,ğŸ˜†,U+1F606,\xF0\x9F\x98\x86,smiling face with open mouth and tightly-closed eyes
emoticon,ğŸ˜‰,ğŸ˜‰,ğŸ˜‰,U+1F609,\xF0\x9F\x98\x89,winking face
emoticon,ğŸ˜Š,ğŸ˜Š,ğŸ˜Š,U+1F60A,\xF0\x9F\x98\x8A,smiling face with smiling eyes
emoticon,ğŸ˜‹,ğŸ˜‹,ğŸ˜‹,U+1F60B,\xF0\x9F\x98\x8B,face savouring delicious food
emoticon,ğŸ˜Œ,ğŸ˜Œ,ğŸ˜Œ,U+1F60C,\xF0\x9F\x98\x8C,relieved face
emoticon,ğŸ˜,ğŸ˜,ğŸ˜,U+1F60D,\xF0\x9F\x98\x8D,smiling face with heart-shaped eyes
emoticon,ğŸ˜,ğŸ˜,ğŸ˜,U+1F60F,\xF0\x9F\x98\x8F,smirking face
emoticon,ğŸ˜’,ğŸ˜’,ğŸ˜’,U+1F612,\xF0\x9F\x98\x92,unamused face
emoticon,ğŸ˜“,ğŸ˜“,ğŸ˜“,U+1F613,\xF0\x9F\x98\x93,face with cold sweat
emoticon,ğŸ˜”,ğŸ˜”,ğŸ˜”,U+1F614,\xF0\x9F\x98\x94,pensive face
emoticon,ğŸ˜–,ğŸ˜–,ğŸ˜–,U+1F616,\xF0\x9F\x98\x96,confounded face
emoticon,ğŸ˜˜,ğŸ˜˜,ğŸ˜˜,U+1F618,\xF0\x9F\x98\x98,face throwing a kiss
emoticon,ğŸ˜š,ğŸ˜š,ğŸ˜š,U+1F61A,\xF0\x9F\x98\x9A,kissing face with closed eyes
emoticon,ğŸ˜œ,ğŸ˜œ,ğŸ˜œ,U+1F61C,\xF0\x9F\x98\x9C,face with stuck-out tongue and winking eye
emoticon,ğŸ˜,ğŸ˜,ğŸ˜,U+1F61D,\xF0\x9F\x98\x9D,face with stuck-out tongue and tightly-closed eyes
emoticon,ğŸ˜,ğŸ˜,ğŸ˜,U+1F61E,\xF0\x9F\x98\x9E,disappointed face
emoticon,ğŸ˜ ,ğŸ˜ ,ğŸ˜ ,U+1F620,\xF0\x9F\x98\xA0,angry face
emoticon,ğŸ˜¡,ğŸ˜¡,ğŸ˜¡,U+1F621,\xF0\x9F\x98\xA1,pouting face
emoticon,ğŸ˜¢,ğŸ˜¢,ğŸ˜¢,U+1F622,\xF0\x9F\x98\xA2,crying face
emoticon,ğŸ˜£,ğŸ˜£,ğŸ˜£,U+1F623,\xF0\x9F\x98\xA3,persevering face
emoticon,ğŸ˜¤,ğŸ˜¤,ğŸ˜¤,U+1F624,\xF0\x9F\x98\xA4,face with look of triumph
emoticon,ğŸ˜¥,ğŸ˜¥,ğŸ˜¥,U+1F625,\xF0\x9F\x98\xA5,disappointed but relieved face
emoticon,ğŸ˜¨,ğŸ˜¨,ğŸ˜¨,U+1F628,\xF0\x9F\x98\xA8,fearful face
emoticon,ğŸ˜©,ğŸ˜©,ğŸ˜©,U+1F629,\xF0\x9F\x98\xA9,weary face
emoticon,ğŸ˜ª,ğŸ˜ª,ğŸ˜ª,U+1F62A,\xF0\x9F\x98\xAA,sleepy face
emoticon,ğŸ˜«,ğŸ˜«,ğŸ˜«,U+1F62B,\xF0\x9F\x98\xAB,tired face
emoticon,ğŸ˜­,ğŸ˜­,ğŸ˜­,U+1F62D,\xF0\x9F\x98\xAD,loudly crying face
emoticon,ğŸ˜°,ğŸ˜°,ğŸ˜°,U+1F630,\xF0\x9F\x98\xB0,face with open mouth and cold sweat
emoticon,ğŸ˜±,ğŸ˜±,ğŸ˜±,U+1F631,\xF0\x9F\x98\xB1,face screaming in fear
emoticon,ğŸ˜²,ğŸ˜²,ğŸ˜²,U+1F632,\xF0\x9F\x98\xB2,astonished face
emoticon,ğŸ˜³,ğŸ˜³,ğŸ˜³,U+1F633,\xF0\x9F\x98\xB3,flushed face
emoticon,ğŸ˜µ,ğŸ˜µ,ğŸ˜µ,U+1F635,\xF0\x9F\x98\xB5,dizzy face
emoticon,ğŸ˜·,ğŸ˜·,ğŸ˜·,U+1F637,\xF0\x9F\x98\xB7,face with medical mask
emoticon,ğŸ˜¸,ğŸ˜¸,ğŸ˜¸,U+1F638,\xF0\x9F\x98\xB8,grinning cat face with smiling eyes
emoticon,ğŸ˜¹,ğŸ˜¹,ğŸ˜¹,U+1F639,\xF0\x9F\x98\xB9,cat face with tears of joy
emoticon,ğŸ˜º,ğŸ˜º,ğŸ˜º,U+1F63A,\xF0\x9F\x98\xBA,smiling cat face with open mouth
emoticon,ğŸ˜»,ğŸ˜»,ğŸ˜»,U+1F63B,\xF0\x9F\x98\xBB,smiling cat face with heart-shaped eyes
emoticon,ğŸ˜¼,ğŸ˜¼,ğŸ˜¼,U+1F63C,\xF0\x9F\x98\xBC,cat face with wry smile
emoticon,ğŸ˜½,ğŸ˜½,ğŸ˜½,U+1F63D,\xF0\x9F\x98\xBD,kissing cat face with closed eyes
emoticon,ğŸ˜¾,ğŸ˜¾,ğŸ˜¾,U+1F63E,\xF0\x9F\x98\xBE,pouting cat face
emoticon,ğŸ˜¿,ğŸ˜¿,ğŸ˜¿,U+1F63F,\xF0\x9F\x98\xBF,crying cat face
emoticon,ğŸ™€,ğŸ™€,ğŸ™€,U+1F640,\xF0\x9F\x99\x80,weary cat face
emoticon,ğŸ™…,ğŸ™…,ğŸ™…,U+1F645,\xF0\x9F\x99\x85,face with no good gesture
emoticon,ğŸ™†,ğŸ™†,ğŸ™†,U+1F646,\xF0\x9F\x99\x86,face with ok gesture
emoticon,ğŸ™‡,ğŸ™‡,ğŸ™‡,U+1F647,\xF0\x9F\x99\x87,person bowing deeply
emoticon,ğŸ™ˆ,ğŸ™ˆ,ğŸ™ˆ,U+1F648,\xF0\x9F\x99\x88,see-no-evil monkey
emoticon,ğŸ™‰,ğŸ™‰,ğŸ™‰,U+1F649,\xF0\x9F\x99\x89,hear-no-evil monkey
emoticon,ğŸ™Š,ğŸ™Š,ğŸ™Š,U+1F64A,\xF0\x9F\x99\x8A,speak-no-evil monkey
emoticon,ğŸ™‹,ğŸ™‹,ğŸ™‹,U+1F64B,\xF0\x9F\x99\x8B,happy person raising one hand
emoticon,ğŸ™Œ,ğŸ™Œ,ğŸ™Œ,U+1F64C,\xF0\x9F\x99\x8C,person raising both hands in celebration
emoticon,ğŸ™,ğŸ™,ğŸ™,U+1F64D,\xF0\x9F\x99\x8D,person frowning
emoticon,ğŸ™,ğŸ™,ğŸ™,U+1F64E,\xF0\x9F\x99\x8E,person with pouting face
emoticon,ğŸ™,ğŸ™,ğŸ™,U+1F64F,\xF0\x9F\x99\x8F,person with folded hands
emoticon,ğŸ˜€,ğŸ˜€,ğŸ˜€,U+1F600,\xF0\x9F\x98\x80,grinning face
emoticon,ğŸ˜‡,ğŸ˜‡,ğŸ˜‡,U+1F607,\xF0\x9F\x98\x87,smiling face with halo
emoticon,ğŸ˜ˆ,ğŸ˜ˆ,ğŸ˜ˆ,U+1F608,\xF0\x9F\x98\x88,smiling face with horns
emoticon,ğŸ˜,ğŸ˜,ğŸ˜,U+1F60E,\xF0\x9F\x98\x8E,smiling face with sunglasses
emoticon,ğŸ˜,ğŸ˜,ğŸ˜,U+1F610,\xF0\x9F\x98\x90,neutral face
emoticon,ğŸ˜‘,ğŸ˜‘,ğŸ˜‘,U+1F611,\xF0\x9F\x98\x91,expressionless face
emoticon,ğŸ˜•,ğŸ˜•,ğŸ˜•,U+1F615,\xF0\x9F\x98\x95,confused face
emoticon,ğŸ˜—,ğŸ˜—,ğŸ˜—,U+1F617,\xF0\x9F\x98\x97,kissing face
emoticon,ğŸ˜™,ğŸ˜™,ğŸ˜™,U+1F619,\xF0\x9F\x98\x99,kissing face with smiling eyes
emoticon,ğŸ˜›,ğŸ˜›,ğŸ˜›,U+1F61B,\xF0\x9F\x98\x9B,face with stuck-out tongue
emoticon,ğŸ˜Ÿ,ğŸ˜Ÿ,ğŸ˜Ÿ,U+1F61F,\xF0\x9F\x98\x9F,worried face
emoticon,ğŸ˜¦,ğŸ˜¦,ğŸ˜¦,U+1F626,\xF0\x9F\x98\xA6,frowning face with open mouth
emoticon,ğŸ˜§,ğŸ˜§,ğŸ˜§,U+1F627,\xF0\x9F\x98\xA7,anguished face
emoticon,ğŸ˜¬,ğŸ˜¬,ğŸ˜¬,U+1F62C,\xF0\x9F\x98\xAC,grimacing face
emoticon,ğŸ˜®,ğŸ˜®,ğŸ˜®,U+1F62E,\xF0\x9F\x98\xAE,face with open mouth
emoticon,ğŸ˜¯,ğŸ˜¯,ğŸ˜¯,U+1F62F,\xF0\x9F\x98\xAF,hushed face
emoticon,ğŸ˜´,ğŸ˜´,ğŸ˜´,U+1F634,\xF0\x9F\x98\xB4,sleeping face
emoticon,ğŸ˜¶,ğŸ˜¶,ğŸ˜¶,U+1F636,\xF0\x9F\x98\xB6,face without mouth
dingbats,âœ‚,âœ‚,âœ‚,U+2702,\xE2\x9C\x82,black scissors
dingbats,âœ…,âœ…,âœ…,U+2705,\xE2\x9C\x85,white heavy check mark
dingbats,âœˆ,âœˆ,âœˆ,U+2708,\xE2\x9C\x88,airplane
dingbats,âœ‰,âœ‰,âœ‰,U+2709,\xE2\x9C\x89,envelope
dingbats,âœŠ,âœŠ,âœŠ,U+270A,\xE2\x9C\x8A,raised fist
dingbats,âœ‹,âœ‹,âœ‹,U+270B,\xE2\x9C\x8B,raised hand
dingbats,âœŒ,âœŒ,âœŒ,U+270C,\xE2\x9C\x8C,victory hand
dingbats,âœ,âœ,âœ,U+270F,\xE2\x9C\x8F,pencil
dingbats,âœ’,âœ’,âœ’,U+2712,\xE2\x9C\x92,black nib
dingbats,âœ”,âœ”,âœ”,U+2714,\xE2\x9C\x94,heavy check mark
dingbats,âœ–,âœ–,âœ–,U+2716,\xE2\x9C\x96,heavy multiplication x
dingbats,âœ¨,âœ¨,âœ¨,U+2728,\xE2\x9C\xA8,sparkles
dingbats,âœ³,âœ³,âœ³,U+2733,\xE2\x9C\xB3,eight spoked asterisk
dingbats,âœ´,âœ´,âœ´,U+2734,\xE2\x9C\xB4,eight pointed black star
dingbats,â„,â„,â„,U+2744,\xE2\x9D\x84,snowflake
dingbats,â‡,â‡,â‡,U+2747,\xE2\x9D\x87,sparkle
dingbats,âŒ,âŒ,âŒ,U+274C,\xE2\x9D\x8C,cross mark
dingbats,â,â,â,U+274E,\xE2\x9D\x8E,negative squared cross mark
dingbats,â“,â“,â“,U+2753,\xE2\x9D\x93,black question mark ornament
dingbats,â”,â”,â”,U+2754,\xE2\x9D\x94,white question mark ornament
dingbats,â•,â•,â•,U+2755,\xE2\x9D\x95,white exclamation mark ornament
dingbats,â—,â—,â—,U+2757,\xE2\x9D\x97,heavy exclamation mark symbol
dingbats,â¤,â¤,â¤,U+2764,\xE2\x9D\xA4,heavy black heart
dingbats,â•,â•,â•,U+2795,\xE2\x9E\x95,heavy plus sign
dingbats,â–,â–,â–,U+2796,\xE2\x9E\x96,heavy minus sign
dingbats,â—,â—,â—,U+2797,\xE2\x9E\x97,heavy division sign
dingbats,â¡,â¡,â¡,U+27A1,\xE2\x9E\xA1,black rightwards arrow
dingbats,â°,â°,â°,U+27B0,\xE2\x9E\xB0,curly loop
transport and map symbols,ğŸš€,ğŸš€,ğŸš€,U+1F680,\xF0\x9F\x9A\x80,rocket
transport and map symbols,ğŸšƒ,ğŸšƒ,ğŸšƒ,U+1F683,\xF0\x9F\x9A\x83,railway car
transport and map symbols,ğŸš„,ğŸš„,ğŸš„,U+1F684,\xF0\x9F\x9A\x84,high-speed train
transport and map symbols,ğŸš…,ğŸš…,ğŸš…,U+1F685,\xF0\x9F\x9A\x85,high-speed train with bullet nose
transport and map symbols,ğŸš‡,ğŸš‡,ğŸš‡,U+1F687,\xF0\x9F\x9A\x87,metro
transport and map symbols,ğŸš‰,ğŸš‰,ğŸš‰,U+1F689,\xF0\x9F\x9A\x89,station
transport and map symbols,ğŸšŒ,ğŸšŒ,ğŸšŒ,U+1F68C,\xF0\x9F\x9A\x8C,bus
transport and map symbols,ğŸš,ğŸš,ğŸš,U+1F68F,\xF0\x9F\x9A\x8F,bus stop
transport and map symbols,ğŸš‘,ğŸš‘,ğŸš‘,U+1F691,\xF0\x9F\x9A\x91,ambulance
transport and map symbols,ğŸš’,ğŸš’,ğŸš’,U+1F692,\xF0\x9F\x9A\x92,fire engine
transport and map symbols,ğŸš“,ğŸš“,ğŸš“,U+1F693,\xF0\x9F\x9A\x93,police car
transport and map symbols,ğŸš•,ğŸš•,ğŸš•,U+1F695,\xF0\x9F\x9A\x95,taxi
transport and map symbols,ğŸš—,ğŸš—,ğŸš—,U+1F697,\xF0\x9F\x9A\x97,automobile
transport and map symbols,ğŸš™,ğŸš™,ğŸš™,U+1F699,\xF0\x9F\x9A\x99,recreational vehicle
transport and map symbols,ğŸšš,ğŸšš,ğŸšš,U+1F69A,\xF0\x9F\x9A\x9A,delivery truck
transport and map symbols,ğŸš¢,ğŸš¢,ğŸš¢,U+1F6A2,\xF0\x9F\x9A\xA2,ship
transport and map symbols,ğŸš¤,ğŸš¤,ğŸš¤,U+1F6A4,\xF0\x9F\x9A\xA4,speedboat
transport and map symbols,ğŸš¥,ğŸš¥,ğŸš¥,U+1F6A5,\xF0\x9F\x9A\xA5,horizontal traffic light
transport and map symbols,ğŸš§,ğŸš§,ğŸš§,U+1F6A7,\xF0\x9F\x9A\xA7,construction sign
transport and map symbols,ğŸš¨,ğŸš¨,ğŸš¨,U+1F6A8,\xF0\x9F\x9A\xA8,police cars revolving light
transport and map symbols,ğŸš©,ğŸš©,ğŸš©,U+1F6A9,\xF0\x9F\x9A\xA9,triangular flag on post
transport and map symbols,ğŸšª,ğŸšª,ğŸšª,U+1F6AA,\xF0\x9F\x9A\xAA,door
transport and map symbols,ğŸš«,ğŸš«,ğŸš«,U+1F6AB,\xF0\x9F\x9A\xAB,no entry sign
transport and map symbols,ğŸš¬,ğŸš¬,ğŸš¬,U+1F6AC,\xF0\x9F\x9A\xAC,smoking symbol
transport and map symbols,ğŸš­,ğŸš­,ğŸš­,U+1F6AD,\xF0\x9F\x9A\xAD,no smoking symbol
transport and map symbols,ğŸš²,ğŸš²,ğŸš²,U+1F6B2,\xF0\x9F\x9A\xB2,bicycle
transport and map symbols,ğŸš¶,ğŸš¶,ğŸš¶,U+1F6B6,\xF0\x9F\x9A\xB6,pedestrian
transport and map symbols,ğŸš¹,ğŸš¹,ğŸš¹,U+1F6B9,\xF0\x9F\x9A\xB9,mens symbol
transport and map symbols,ğŸšº,ğŸšº,ğŸšº,U+1F6BA,\xF0\x9F\x9A\xBA,womens symbol
transport and map symbols,ğŸš»,ğŸš»,ğŸš»,U+1F6BB,\xF0\x9F\x9A\xBB,restroom
transport and map symbols,ğŸš¼,ğŸš¼,ğŸš¼,U+1F6BC,\xF0\x9F\x9A\xBC,baby symbol
transport and map symbols,ğŸš½,ğŸš½,ğŸš½,U+1F6BD,\xF0\x9F\x9A\xBD,toilet
transport and map symbols,ğŸš¾,ğŸš¾,ğŸš¾,U+1F6BE,\xF0\x9F\x9A\xBE,water closet
transport and map symbols,ğŸ›€,ğŸ›€,ğŸ›€,U+1F6C0,\xF0\x9F\x9B\x80,bath
transport and map symbols,ğŸš,ğŸš,ğŸš,U+1F681,\xF0\x9F\x9A\x81,helicopter
transport and map symbols,ğŸš‚,ğŸš‚,ğŸš‚,U+1F682,\xF0\x9F\x9A\x82,steam locomotive
transport and map symbols,ğŸš†,ğŸš†,ğŸš†,U+1F686,\xF0\x9F\x9A\x86,train
transport and map symbols,ğŸšˆ,ğŸšˆ,ğŸšˆ,U+1F688,\xF0\x9F\x9A\x88,light rail
transport and map symbols,ğŸšŠ,ğŸšŠ,ğŸšŠ,U+1F68A,\xF0\x9F\x9A\x8A,tram
transport and map symbols,ğŸš,ğŸš,ğŸš,U+1F68D,\xF0\x9F\x9A\x8D,oncoming bus
transport and map symbols,ğŸš,ğŸš,ğŸš,U+1F68E,\xF0\x9F\x9A\x8E,trolleybus
transport and map symbols,ğŸš,ğŸš,ğŸš,U+1F690,\xF0\x9F\x9A\x90,minibus
transport and map symbols,ğŸš”,ğŸš”,ğŸš”,U+1F694,\xF0\x9F\x9A\x94,oncoming police car
transport and map symbols,ğŸš–,ğŸš–,ğŸš–,U+1F696,\xF0\x9F\x9A\x96,oncoming taxi
transport and map symbols,ğŸš˜,ğŸš˜,ğŸš˜,U+1F698,\xF0\x9F\x9A\x98,oncoming automobile
transport and map symbols,ğŸš›,ğŸš›,ğŸš›,U+1F69B,\xF0\x9F\x9A\x9B,articulated lorry
transport and map symbols,ğŸšœ,ğŸšœ,ğŸšœ,U+1F69C,\xF0\x9F\x9A\x9C,tractor
transport and map symbols,ğŸš,ğŸš,ğŸš,U+1F69D,\xF0\x9F\x9A\x9D,monorail
transport and map symbols,ğŸš,ğŸš,ğŸš,U+1F69E,\xF0\x9F\x9A\x9E,mountain railway
transport and map symbols,ğŸšŸ,ğŸšŸ,ğŸšŸ,U+1F69F,\xF0\x9F\x9A\x9F,suspension railway
transport and map symbols,ğŸš ,ğŸš ,ğŸš ,U+1F6A0,\xF0\x9F\x9A\xA0,mountain cableway
transport and map symbols,ğŸš¡,ğŸš¡,ğŸš¡,U+1F6A1,\xF0\x9F\x9A\xA1,aerial tramway
transport and map symbols,ğŸš£,ğŸš£,ğŸš£,U+1F6A3,\xF0\x9F\x9A\xA3,rowboat
transport and map symbols,ğŸš¦,ğŸš¦,ğŸš¦,U+1F6A6,\xF0\x9F\x9A\xA6,vertical traffic light
transport and map symbols,ğŸš®,ğŸš®,ğŸš®,U+1F6AE,\xF0\x9F\x9A\xAE,put litter in its place symbol
transport and map symbols,ğŸš¯,ğŸš¯,ğŸš¯,U+1F6AF,\xF0\x9F\x9A\xAF,do not litter symbol
transport and map symbols,ğŸš°,ğŸš°,ğŸš°,U+1F6B0,\xF0\x9F\x9A\xB0,potable water symbol
transport and map symbols,ğŸš±,ğŸš±,ğŸš±,U+1F6B1,\xF0\x9F\x9A\xB1,non-potable water symbol
transport and map symbols,ğŸš³,ğŸš³,ğŸš³,U+1F6B3,\xF0\x9F\x9A\xB3,no bicycles
transport and map symbols,ğŸš´,ğŸš´,ğŸš´,U+1F6B4,\xF0\x9F\x9A\xB4,bicyclist
transport and map symbols,ğŸšµ,ğŸšµ,ğŸšµ,U+1F6B5,\xF0\x9F\x9A\xB5,mountain bicyclist
transport and map symbols,ğŸš·,ğŸš·,ğŸš·,U+1F6B7,\xF0\x9F\x9A\xB7,no pedestrians
transport and map symbols,ğŸš¸,ğŸš¸,ğŸš¸,U+1F6B8,\xF0\x9F\x9A\xB8,children crossing
transport and map symbols,ğŸš¿,ğŸš¿,ğŸš¿,U+1F6BF,\xF0\x9F\x9A\xBF,shower
transport and map symbols,ğŸ›,ğŸ›,ğŸ›,U+1F6C1,\xF0\x9F\x9B\x81,bathtub
transport and map symbols,ğŸ›‚,ğŸ›‚,ğŸ›‚,U+1F6C2,\xF0\x9F\x9B\x82,passport control
transport and map symbols,ğŸ›ƒ,ğŸ›ƒ,ğŸ›ƒ,U+1F6C3,\xF0\x9F\x9B\x83,customs
transport and map symbols,ğŸ›„,ğŸ›„,ğŸ›„,U+1F6C4,\xF0\x9F\x9B\x84,baggage claim
transport and map symbols,ğŸ›…,ğŸ›…,ğŸ›…,U+1F6C5,\xF0\x9F\x9B\x85,left luggage
enclosed characters,â“‚,â“‚,â“‚,U+24C2,\xE2\x93\x82,circled latin capital letter m
enclosed characters,ğŸ…°,ğŸ…°,ğŸ…°,U+1F170,\xF0\x9F\x85\xB0,negative squared latin capital letter a
enclosed characters,ğŸ…±,ğŸ…±,ğŸ…±,U+1F171,\xF0\x9F\x85\xB1,negative squared latin capital letter b
enclosed characters,ğŸ…¾,ğŸ…¾,ğŸ…¾,U+1F17E,\xF0\x9F\x85\xBE,negative squared latin capital letter o
enclosed characters,ğŸ…¿,ğŸ…¿,ğŸ…¿,U+1F17F,\xF0\x9F\x85\xBF,negative squared latin capital letter p
enclosed characters,ğŸ†,ğŸ†,ğŸ†,U+1F18E,\xF0\x9F\x86\x8E,negative squared ab
enclosed characters,ğŸ†‘,ğŸ†‘,ğŸ†‘,U+1F191,\xF0\x9F\x86\x91,squared cl
enclosed characters,ğŸ†’,ğŸ†’,ğŸ†’,U+1F192,\xF0\x9F\x86\x92,squared cool
enclosed characters,ğŸ†“,ğŸ†“,ğŸ†“,U+1F193,\xF0\x9F\x86\x93,squared free
enclosed characters,ğŸ†”,ğŸ†”,ğŸ†”,U+1F194,\xF0\x9F\x86\x94,squared id
enclosed characters,ğŸ†•,ğŸ†•,ğŸ†•,U+1F195,\xF0\x9F\x86\x95,squared new
enclosed characters,ğŸ†–,ğŸ†–,ğŸ†–,U+1F196,\xF0\x9F\x86\x96,squared ng
enclosed characters,ğŸ†—,ğŸ†—,ğŸ†—,U+1F197,\xF0\x9F\x86\x97,squared ok
enclosed characters,ğŸ†˜,ğŸ†˜,ğŸ†˜,U+1F198,\xF0\x9F\x86\x98,squared sos
enclosed characters,ğŸ†™,ğŸ†™,ğŸ†™,U+1F199,\xF0\x9F\x86\x99,squared up with exclamation mark
enclosed characters,ğŸ†š,ğŸ†š,ğŸ†š,U+1F19A,\xF0\x9F\x86\x9A,squared vs
enclosed characters,ğŸ‡©ğŸ‡ª,ğŸ‡©ğŸ‡ª,ğŸ‡©ğŸ‡ª,U+1F1E9 U+1F1EA,\xF0\x9F\x87\xA9\xF0\x9F\x87\xAA,regional indicator symbol letter d + regional indicator symbol letter e
enclosed characters,ğŸ‡¬ğŸ‡§,ğŸ‡¬ğŸ‡§,ğŸ‡¬ğŸ‡§,U+1F1EC U+1F1E7,\xF0\x9F\x87\xAC\xF0\x9F\x87\xA7,regional indicator symbol letter g + regional indicator symbol letter b
enclosed characters,ğŸ‡¨ğŸ‡³,ğŸ‡¨ğŸ‡³,ğŸ‡¨ğŸ‡³,U+1F1E8 U+1F1F3,\xF0\x9F\x87\xA8\xF0\x9F\x87\xB3,regional indicator symbol letter c + regional indicator symbol letter n
enclosed characters,ğŸ‡¯ğŸ‡µ,ğŸ‡¯ğŸ‡µ,ğŸ‡¯ğŸ‡µ,U+1F1EF U+1F1F5,\xF0\x9F\x87\xAF\xF0\x9F\x87\xB5,regional indicator symbol letter j + regional indicator symbol letter p
enclosed characters,ğŸ‡«ğŸ‡·,ğŸ‡«ğŸ‡·,ğŸ‡«ğŸ‡·,U+1F1EB U+1F1F7,\xF0\x9F\x87\xAB\xF0\x9F\x87\xB7,regional indicator symbol letter f + regional indicator symbol letter r
enclosed characters,ğŸ‡°ğŸ‡·,ğŸ‡°ğŸ‡·,ğŸ‡°ğŸ‡·,U+1F1F0 U+1F1F7,\xF0\x9F\x87\xB0\xF0\x9F\x87\xB7,regional indicator symbol letter k + regional indicator symbol letter r
enclosed characters,ğŸ‡ªğŸ‡¸,ğŸ‡ªğŸ‡¸,ğŸ‡ªğŸ‡¸,U+1F1EA U+1F1F8,\xF0\x9F\x87\xAA\xF0\x9F\x87\xB8,regional indicator symbol letter e + regional indicator symbol letter s
enclosed characters,ğŸ‡®ğŸ‡¹,ğŸ‡®ğŸ‡¹,ğŸ‡®ğŸ‡¹,U+1F1EE U+1F1F9,\xF0\x9F\x87\xAE\xF0\x9F\x87\xB9,regional indicator symbol letter i + regional indicator symbol letter t
enclosed characters,ğŸ‡·ğŸ‡º,ğŸ‡·ğŸ‡º,ğŸ‡·ğŸ‡º,U+1F1F7 U+1F1FA,\xF0\x9F\x87\xB7\xF0\x9F\x87\xBA,regional indicator symbol letter r + regional indicator symbol letter u
enclosed characters,ğŸ‡ºğŸ‡¸,ğŸ‡ºğŸ‡¸,ğŸ‡ºğŸ‡¸,U+1F1FA U+1F1F8,\xF0\x9F\x87\xBA\xF0\x9F\x87\xB8,regional indicator symbol letter u + regional indicator symbol letter s
enclosed characters,ğŸˆ,ğŸˆ,ğŸˆ,U+1F201,\xF0\x9F\x88\x81,squared katakana koko
enclosed characters,ğŸˆ‚,ğŸˆ‚,ğŸˆ‚,U+1F202,\xF0\x9F\x88\x82,squared katakana sa
enclosed characters,ğŸˆš,ğŸˆš,ğŸˆš,U+1F21A,\xF0\x9F\x88\x9A,squared cjk unified ideograph-7121
enclosed characters,ğŸˆ¯,ğŸˆ¯,ğŸˆ¯,U+1F22F,\xF0\x9F\x88\xAF,squared cjk unified ideograph-6307
enclosed characters,ğŸˆ²,ğŸˆ²,ğŸˆ²,U+1F232,\xF0\x9F\x88\xB2,squared cjk unified ideograph-7981
enclosed characters,ğŸˆ³,ğŸˆ³,ğŸˆ³,U+1F233,\xF0\x9F\x88\xB3,squared cjk unified ideograph-7a7a
enclosed characters,ğŸˆ´,ğŸˆ´,ğŸˆ´,U+1F234,\xF0\x9F\x88\xB4,squared cjk unified ideograph-5408
enclosed characters,ğŸˆµ,ğŸˆµ,ğŸˆµ,U+1F235,\xF0\x9F\x88\xB5,squared cjk unified ideograph-6e80
enclosed characters,ğŸˆ¶,ğŸˆ¶,ğŸˆ¶,U+1F236,\xF0\x9F\x88\xB6,squared cjk unified ideograph-6709
enclosed characters,ğŸˆ·,ğŸˆ·,ğŸˆ·,U+1F237,\xF0\x9F\x88\xB7,squared cjk unified ideograph-6708
enclosed characters,ğŸˆ¸,ğŸˆ¸,ğŸˆ¸,U+1F238,\xF0\x9F\x88\xB8,squared cjk unified ideograph-7533
enclosed characters,ğŸˆ¹,ğŸˆ¹,ğŸˆ¹,U+1F239,\xF0\x9F\x88\xB9,squared cjk unified ideograph-5272
enclosed characters,ğŸˆº,ğŸˆº,ğŸˆº,U+1F23A,\xF0\x9F\x88\xBA,squared cjk unified ideograph-55b6
enclosed characters,ğŸ‰,ğŸ‰,ğŸ‰,U+1F250,\xF0\x9F\x89\x90,circled ideograph advantage
enclosed characters,ğŸ‰‘,ğŸ‰‘,ğŸ‰‘,U+1F251,\xF0\x9F\x89\x91,circled ideograph accept
uncategorized,Â©,Â©,Â©,U+00A9,\xC2\xA9,copyright sign
uncategorized,Â®,Â®,Â®,U+00AE,\xC2\xAE,registered sign
uncategorized,â€¼,â€¼,â€¼,U+203C,\xE2\x80\xBC,double exclamation mark
uncategorized,â‰,â‰,â‰,U+2049,\xE2\x81\x89,exclamation question mark
uncategorized,#âƒ£,#âƒ£,#âƒ£,U+0023 U+20E3,\x23\xE2\x83\xA3,number sign + combining enclosing keycap
uncategorized,8âƒ£,8âƒ£,8âƒ£,U+0038 U+20E3,\x38\xE2\x83\xA3,digit eight + combining enclosing keycap
uncategorized,9âƒ£,9âƒ£,9âƒ£,U+0039 U+20E3,\x39\xE2\x83\xA3,digit nine + combining enclosing keycap
uncategorized,7âƒ£,7âƒ£,7âƒ£,U+0037 U+20E3,\x37\xE2\x83\xA3,digit seven + combining enclosing keycap
uncategorized,0âƒ£,0âƒ£,0âƒ£,U+0030 U+20E3,\x30\xE2\x83\xA3,digit zero + combining enclosing keycap
uncategorized,6âƒ£,6âƒ£,6âƒ£,U+0036 U+20E3,\x36\xE2\x83\xA3,digit six + combining enclosing keycap
uncategorized,5âƒ£,5âƒ£,5âƒ£,U+0035 U+20E3,\x35\xE2\x83\xA3,digit five + combining enclosing keycap
uncategorized,4âƒ£,4âƒ£,4âƒ£,U+0034 U+20E3,\x34\xE2\x83\xA3,digit four + combining enclosing keycap
uncategorized,3âƒ£,3âƒ£,3âƒ£,U+0033 U+20E3,\x33\xE2\x83\xA3,digit three + combining enclosing keycap
uncategorized,2âƒ£,2âƒ£,2âƒ£,U+0032 U+20E3,\x32\xE2\x83\xA3,digit two + combining enclosing keycap
uncategorized,1âƒ£,1âƒ£,1âƒ£,U+0031 U+20E3,\x31\xE2\x83\xA3,digit one + combining enclosing keycap
uncategorized,â„¢,â„¢,â„¢,U+2122,\xE2\x84\xA2,trade mark sign
uncategorized,â„¹,â„¹,â„¹,U+2139,\xE2\x84\xB9,information source
uncategorized,â†”,â†”,â†”,U+2194,\xE2\x86\x94,left right arrow
uncategorized,â†•,â†•,â†•,U+2195,\xE2\x86\x95,up down arrow
uncategorized,â†–,â†–,â†–,U+2196,\xE2\x86\x96,north west arrow
uncategorized,â†—,â†—,â†—,U+2197,\xE2\x86\x97,north east arrow
uncategorized,â†˜,â†˜,â†˜,U+2198,\xE2\x86\x98,south east arrow
uncategorized,â†™,â†™,â†™,U+2199,\xE2\x86\x99,south west arrow
uncategorized,â†©,â†©,â†©,U+21A9,\xE2\x86\xA9,leftwards arrow with hook
uncategorized,â†ª,â†ª,â†ª,U+21AA,\xE2\x86\xAA,rightwards arrow with hook
uncategorized,âŒš,âŒš,âŒš,U+231A,\xE2\x8C\x9A,watch
uncategorized,âŒ›,âŒ›,âŒ›,U+231B,\xE2\x8C\x9B,hourglass
uncategorized,â©,â©,â©,U+23E9,\xE2\x8F\xA9,black right-pointing double triangle
uncategorized,âª,âª,âª,U+23EA,\xE2\x8F\xAA,black left-pointing double triangle
uncategorized,â«,â«,â«,U+23EB,\xE2\x8F\xAB,black up-pointing double triangle
uncategorized,â¬,â¬,â¬,U+23EC,\xE2\x8F\xAC,black down-pointing double triangle
uncategorized,â°,â°,â°,U+23F0,\xE2\x8F\xB0,alarm clock
uncategorized,â³,â³,â³,U+23F3,\xE2\x8F\xB3,hourglass with flowing sand
uncategorized,â–ª,â–ª,â–ª,U+25AA,\xE2\x96\xAA,black small square
uncategorized,â–«,â–«,â–«,U+25AB,\xE2\x96\xAB,white small square
uncategorized,â–¶,â–¶,â–¶,U+25B6,\xE2\x96\xB6,black right-pointing triangle
uncategorized,â—€,â—€,â—€,U+25C0,\xE2\x97\x80,black left-pointing triangle
uncategorized,â—»,â—»,â—»,U+25FB,\xE2\x97\xBB,white medium square
uncategorized,â—¼,â—¼,â—¼,U+25FC,\xE2\x97\xBC,black medium square
uncategorized,â—½,â—½,â—½,U+25FD,\xE2\x97\xBD,white medium small square
uncategorized,â—¾,â—¾,â—¾,U+25FE,\xE2\x97\xBE,black medium small square
uncategorized,â˜€,â˜€,â˜€,U+2600,\xE2\x98\x80,black sun with rays
uncategorized,â˜,â˜,â˜,U+2601,\xE2\x98\x81,cloud
uncategorized,â˜,â˜,â˜,U+260E,\xE2\x98\x8E,black telephone
uncategorized,â˜‘,â˜‘,â˜‘,U+2611,\xE2\x98\x91,ballot box with check
uncategorized,â˜”,â˜”,â˜”,U+2614,\xE2\x98\x94,umbrella with rain drops
uncategorized,â˜•,â˜•,â˜•,U+2615,\xE2\x98\x95,hot beverage
uncategorized,â˜,â˜,â˜,U+261D,\xE2\x98\x9D,white up pointing index
uncategorized,â˜º,â˜º,â˜º,U+263A,\xE2\x98\xBA,white smiling face
uncategorized,â™ˆ,â™ˆ,â™ˆ,U+2648,\xE2\x99\x88,aries
uncategorized,â™‰,â™‰,â™‰,U+2649,\xE2\x99\x89,taurus
uncategorized,â™Š,â™Š,â™Š,U+264A,\xE2\x99\x8A,gemini
uncategorized,â™‹,â™‹,â™‹,U+264B,\xE2\x99\x8B,cancer
uncategorized,â™Œ,â™Œ,â™Œ,U+264C,\xE2\x99\x8C,leo
uncategorized,â™,â™,â™,U+264D,\xE2\x99\x8D,virgo
uncategorized,â™,â™,â™,U+264E,\xE2\x99\x8E,libra
uncategorized,â™,â™,â™,U+264F,\xE2\x99\x8F,scorpius
uncategorized,â™,â™,â™,U+2650,\xE2\x99\x90,sagittarius
uncategorized,â™‘,â™‘,â™‘,U+2651,\xE2\x99\x91,capricorn
uncategorized,â™’,â™’,â™’,U+2652,\xE2\x99\x92,aquarius
uncategorized,â™“,â™“,â™“,U+2653,\xE2\x99\x93,pisces
uncategorized,â™ ,â™ ,â™ ,U+2660,\xE2\x99\xA0,black spade suit
uncategorized,â™£,â™£,â™£,U+2663,\xE2\x99\xA3,black club suit
uncategorized,â™¥,â™¥,â™¥,U+2665,\xE2\x99\xA5,black heart suit
uncategorized,â™¦,â™¦,â™¦,U+2666,\xE2\x99\xA6,black diamond suit
uncategorized,â™¨,â™¨,â™¨,U+2668,\xE2\x99\xA8,hot springs
uncategorized,â™»,â™»,â™»,U+267B,\xE2\x99\xBB,black universal recycling symbol
uncategorized,â™¿,â™¿,â™¿,U+267F,\xE2\x99\xBF,wheelchair symbol
uncategorized,âš“,âš“,âš“,U+2693,\xE2\x9A\x93,anchor
uncategorized,âš ,âš ,âš ,U+26A0,\xE2\x9A\xA0,warning sign
uncategorized,âš¡,âš¡,âš¡,U+26A1,\xE2\x9A\xA1,high voltage sign
uncategorized,âšª,âšª,âšª,U+26AA,\xE2\x9A\xAA,medium white circle
uncategorized,âš«,âš«,âš«,U+26AB,\xE2\x9A\xAB,medium black circle
uncategorized,âš½,âš½,âš½,U+26BD,\xE2\x9A\xBD,soccer ball
uncategorized,âš¾,âš¾,âš¾,U+26BE,\xE2\x9A\xBE,baseball
uncategorized,â›„,â›„,â›„,U+26C4,\xE2\x9B\x84,snowman without snow
uncategorized,â›…,â›…,â›…,U+26C5,\xE2\x9B\x85,sun behind cloud
uncategorized,â›,â›,â›,U+26CE,\xE2\x9B\x8E,ophiuchus
uncategorized,â›”,â›”,â›”,U+26D4,\xE2\x9B\x94,no entry
uncategorized,â›ª,â›ª,â›ª,U+26EA,\xE2\x9B\xAA,church
uncategorized,â›²,â›²,â›²,U+26F2,\xE2\x9B\xB2,fountain
uncategorized,â›³,â›³,â›³,U+26F3,\xE2\x9B\xB3,flag in hole
uncategorized,â›µ,â›µ,â›µ,U+26F5,\xE2\x9B\xB5,sailboat
uncategorized,â›º,â›º,â›º,U+26FA,\xE2\x9B\xBA,tent
uncategorized,â›½,â›½,â›½,U+26FD,\xE2\x9B\xBD,fuel pump
uncategorized,â¤´,â¤´,â¤´,U+2934,\xE2\xA4\xB4,arrow pointing rightwards then curving upwards
uncategorized,â¤µ,â¤µ,â¤µ,U+2935,\xE2\xA4\xB5,arrow pointing rightwards then curving downwards
uncategorized,â¬…,â¬…,â¬…,U+2B05,\xE2\xAC\x85,leftwards black arrow
uncategorized,â¬†,â¬†,â¬†,U+2B06,\xE2\xAC\x86,upwards black arrow
uncategorized,â¬‡,â¬‡,â¬‡,U+2B07,\xE2\xAC\x87,downwards black arrow
uncategorized,â¬›,â¬›,â¬›,U+2B1B,\xE2\xAC\x9B,black large square
uncategorized,â¬œ,â¬œ,â¬œ,U+2B1C,\xE2\xAC\x9C,white large square
uncategorized,â­,â­,â­,U+2B50,\xE2\xAD\x90,white medium star
uncategorized,â­•,â­•,â­•,U+2B55,\xE2\xAD\x95,heavy large circle
uncategorized,ã€°,ã€°,ã€°,U+3030,\xE3\x80\xB0,wavy dash
uncategorized,ã€½,ã€½,ã€½,U+303D,\xE3\x80\xBD,part alternation mark
uncategorized,ãŠ—,ãŠ—,ãŠ—,U+3297,\xE3\x8A\x97,circled ideograph congratulation
uncategorized,ãŠ™,ãŠ™,ãŠ™,U+3299,\xE3\x8A\x99,circled ideograph secret
uncategorized,ğŸ€„,ğŸ€„,ğŸ€„,U+1F004,\xF0\x9F\x80\x84,mahjong tile red dragon
uncategorized,ğŸƒ,ğŸƒ,ğŸƒ,U+1F0CF,\xF0\x9F\x83\x8F,playing card black joker
uncategorized,ğŸŒ€,ğŸŒ€,ğŸŒ€,U+1F300,\xF0\x9F\x8C\x80,cyclone
uncategorized,ğŸŒ,ğŸŒ,ğŸŒ,U+1F301,\xF0\x9F\x8C\x81,foggy
uncategorized,ğŸŒ‚,ğŸŒ‚,ğŸŒ‚,U+1F302,\xF0\x9F\x8C\x82,closed umbrella
uncategorized,ğŸŒƒ,ğŸŒƒ,ğŸŒƒ,U+1F303,\xF0\x9F\x8C\x83,night with stars
uncategorized,ğŸŒ„,ğŸŒ„,ğŸŒ„,U+1F304,\xF0\x9F\x8C\x84,sunrise over mountains
uncategorized,ğŸŒ…,ğŸŒ…,ğŸŒ…,U+1F305,\xF0\x9F\x8C\x85,sunrise
uncategorized,ğŸŒ†,ğŸŒ†,ğŸŒ†,U+1F306,\xF0\x9F\x8C\x86,cityscape at dusk
uncategorized,ğŸŒ‡,ğŸŒ‡,ğŸŒ‡,U+1F307,\xF0\x9F\x8C\x87,sunset over buildings
uncategorized,ğŸŒˆ,ğŸŒˆ,ğŸŒˆ,U+1F308,\xF0\x9F\x8C\x88,rainbow
uncategorized,ğŸŒ‰,ğŸŒ‰,ğŸŒ‰,U+1F309,\xF0\x9F\x8C\x89,bridge at night
uncategorized,ğŸŒŠ,ğŸŒŠ,ğŸŒŠ,U+1F30A,\xF0\x9F\x8C\x8A,water wave
uncategorized,ğŸŒ‹,ğŸŒ‹,ğŸŒ‹,U+1F30B,\xF0\x9F\x8C\x8B,volcano
uncategorized,ğŸŒŒ,ğŸŒŒ,ğŸŒŒ,U+1F30C,\xF0\x9F\x8C\x8C,milky way
uncategorized,ğŸŒ,ğŸŒ,ğŸŒ,U+1F30F,\xF0\x9F\x8C\x8F,earth globe asia-australia
uncategorized,ğŸŒ‘,ğŸŒ‘,ğŸŒ‘,U+1F311,\xF0\x9F\x8C\x91,new moon symbol
uncategorized,ğŸŒ“,ğŸŒ“,ğŸŒ“,U+1F313,\xF0\x9F\x8C\x93,first quarter moon symbol
uncategorized,ğŸŒ”,ğŸŒ”,ğŸŒ”,U+1F314,\xF0\x9F\x8C\x94,waxing gibbous moon symbol
uncategorized,ğŸŒ•,ğŸŒ•,ğŸŒ•,U+1F315,\xF0\x9F\x8C\x95,full moon symbol
uncategorized,ğŸŒ™,ğŸŒ™,ğŸŒ™,U+1F319,\xF0\x9F\x8C\x99,crescent moon
uncategorized,ğŸŒ›,ğŸŒ›,ğŸŒ›,U+1F31B,\xF0\x9F\x8C\x9B,first quarter moon with face
uncategorized,ğŸŒŸ,ğŸŒŸ,ğŸŒŸ,U+1F31F,\xF0\x9F\x8C\x9F,glowing star
uncategorized,ğŸŒ ,ğŸŒ ,ğŸŒ ,U+1F320,\xF0\x9F\x8C\xA0,shooting star
uncategorized,ğŸŒ°,ğŸŒ°,ğŸŒ°,U+1F330,\xF0\x9F\x8C\xB0,chestnut
uncategorized,ğŸŒ±,ğŸŒ±,ğŸŒ±,U+1F331,\xF0\x9F\x8C\xB1,seedling
uncategorized,ğŸŒ´,ğŸŒ´,ğŸŒ´,U+1F334,\xF0\x9F\x8C\xB4,palm tree
uncategorized,ğŸŒµ,ğŸŒµ,ğŸŒµ,U+1F335,\xF0\x9F\x8C\xB5,cactus
uncategorized,ğŸŒ·,ğŸŒ·,ğŸŒ·,U+1F337,\xF0\x9F\x8C\xB7,tulip
uncategorized,ğŸŒ¸,ğŸŒ¸,ğŸŒ¸,U+1F338,\xF0\x9F\x8C\xB8,cherry blossom
uncategorized,ğŸŒ¹,ğŸŒ¹,ğŸŒ¹,U+1F339,\xF0\x9F\x8C\xB9,rose
uncategorized,ğŸŒº,ğŸŒº,ğŸŒº,U+1F33A,\xF0\x9F\x8C\xBA,hibiscus
uncategorized,ğŸŒ»,ğŸŒ»,ğŸŒ»,U+1F33B,\xF0\x9F\x8C\xBB,sunflower
uncategorized,ğŸŒ¼,ğŸŒ¼,ğŸŒ¼,U+1F33C,\xF0\x9F\x8C\xBC,blossom
uncategorized,ğŸŒ½,ğŸŒ½,ğŸŒ½,U+1F33D,\xF0\x9F\x8C\xBD,ear of maize
uncategorized,ğŸŒ¾,ğŸŒ¾,ğŸŒ¾,U+1F33E,\xF0\x9F\x8C\xBE,ear of rice
uncategorized,ğŸŒ¿,ğŸŒ¿,ğŸŒ¿,U+1F33F,\xF0\x9F\x8C\xBF,herb
uncategorized,ğŸ€,ğŸ€,ğŸ€,U+1F340,\xF0\x9F\x8D\x80,four leaf clover
uncategorized,ğŸ,ğŸ,ğŸ,U+1F341,\xF0\x9F\x8D\x81,maple leaf
uncategorized,ğŸ‚,ğŸ‚,ğŸ‚,U+1F342,\xF0\x9F\x8D\x82,fallen leaf
uncategorized,ğŸƒ,ğŸƒ,ğŸƒ,U+1F343,\xF0\x9F\x8D\x83,leaf fluttering in wind
uncategorized,ğŸ„,ğŸ„,ğŸ„,U+1F344,\xF0\x9F\x8D\x84,mushroom
uncategorized,ğŸ…,ğŸ…,ğŸ…,U+1F345,\xF0\x9F\x8D\x85,tomato
uncategorized,ğŸ†,ğŸ†,ğŸ†,U+1F346,\xF0\x9F\x8D\x86,aubergine
uncategorized,ğŸ‡,ğŸ‡,ğŸ‡,U+1F347,\xF0\x9F\x8D\x87,grapes
uncategorized,ğŸˆ,ğŸˆ,ğŸˆ,U+1F348,\xF0\x9F\x8D\x88,melon
uncategorized,ğŸ‰,ğŸ‰,ğŸ‰,U+1F349,\xF0\x9F\x8D\x89,watermelon
uncategorized,ğŸŠ,ğŸŠ,ğŸŠ,U+1F34A,\xF0\x9F\x8D\x8A,tangerine
uncategorized,ğŸŒ,ğŸŒ,ğŸŒ,U+1F34C,\xF0\x9F\x8D\x8C,banana
uncategorized,ğŸ,ğŸ,ğŸ,U+1F34D,\xF0\x9F\x8D\x8D,pineapple
uncategorized,ğŸ,ğŸ,ğŸ,U+1F34E,\xF0\x9F\x8D\x8E,red apple
uncategorized,ğŸ,ğŸ,ğŸ,U+1F34F,\xF0\x9F\x8D\x8F,green apple
uncategorized,ğŸ‘,ğŸ‘,ğŸ‘,U+1F351,\xF0\x9F\x8D\x91,peach
uncategorized,ğŸ’,ğŸ’,ğŸ’,U+1F352,\xF0\x9F\x8D\x92,cherries
uncategorized,ğŸ“,ğŸ“,ğŸ“,U+1F353,\xF0\x9F\x8D\x93,strawberry
uncategorized,ğŸ”,ğŸ”,ğŸ”,U+1F354,\xF0\x9F\x8D\x94,hamburger
uncategorized,ğŸ•,ğŸ•,ğŸ•,U+1F355,\xF0\x9F\x8D\x95,slice of pizza
uncategorized,ğŸ–,ğŸ–,ğŸ–,U+1F356,\xF0\x9F\x8D\x96,meat on bone
uncategorized,ğŸ—,ğŸ—,ğŸ—,U+1F357,\xF0\x9F\x8D\x97,poultry leg
uncategorized,ğŸ˜,ğŸ˜,ğŸ˜,U+1F358,\xF0\x9F\x8D\x98,rice cracker
uncategorized,ğŸ™,ğŸ™,ğŸ™,U+1F359,\xF0\x9F\x8D\x99,rice ball
uncategorized,ğŸš,ğŸš,ğŸš,U+1F35A,\xF0\x9F\x8D\x9A,cooked rice
uncategorized,ğŸ›,ğŸ›,ğŸ›,U+1F35B,\xF0\x9F\x8D\x9B,curry and rice
uncategorized,ğŸœ,ğŸœ,ğŸœ,U+1F35C,\xF0\x9F\x8D\x9C,steaming bowl
uncategorized,ğŸ,ğŸ,ğŸ,U+1F35D,\xF0\x9F\x8D\x9D,spaghetti
uncategorized,ğŸ,ğŸ,ğŸ,U+1F35E,\xF0\x9F\x8D\x9E,bread
uncategorized,ğŸŸ,ğŸŸ,ğŸŸ,U+1F35F,\xF0\x9F\x8D\x9F,french fries
uncategorized,ğŸ ,ğŸ ,ğŸ ,U+1F360,\xF0\x9F\x8D\xA0,roasted sweet potato
uncategorized,ğŸ¡,ğŸ¡,ğŸ¡,U+1F361,\xF0\x9F\x8D\xA1,dango
uncategorized,ğŸ¢,ğŸ¢,ğŸ¢,U+1F362,\xF0\x9F\x8D\xA2,oden
uncategorized,ğŸ£,ğŸ£,ğŸ£,U+1F363,\xF0\x9F\x8D\xA3,sushi
uncategorized,ğŸ¤,ğŸ¤,ğŸ¤,U+1F364,\xF0\x9F\x8D\xA4,fried shrimp
uncategorized,ğŸ¥,ğŸ¥,ğŸ¥,U+1F365,\xF0\x9F\x8D\xA5,fish cake with swirl design
uncategorized,ğŸ¦,ğŸ¦,ğŸ¦,U+1F366,\xF0\x9F\x8D\xA6,soft ice cream
uncategorized,ğŸ§,ğŸ§,ğŸ§,U+1F367,\xF0\x9F\x8D\xA7,shaved ice
uncategorized,ğŸ¨,ğŸ¨,ğŸ¨,U+1F368,\xF0\x9F\x8D\xA8,ice cream
uncategorized,ğŸ©,ğŸ©,ğŸ©,U+1F369,\xF0\x9F\x8D\xA9,doughnut
uncategorized,ğŸª,ğŸª,ğŸª,U+1F36A,\xF0\x9F\x8D\xAA,cookie
uncategorized,ğŸ«,ğŸ«,ğŸ«,U+1F36B,\xF0\x9F\x8D\xAB,chocolate bar
uncategorized,ğŸ¬,ğŸ¬,ğŸ¬,U+1F36C,\xF0\x9F\x8D\xAC,candy
uncategorized,ğŸ­,ğŸ­,ğŸ­,U+1F36D,\xF0\x9F\x8D\xAD,lollipop
uncategorized,ğŸ®,ğŸ®,ğŸ®,U+1F36E,\xF0\x9F\x8D\xAE,custard
uncategorized,ğŸ¯,ğŸ¯,ğŸ¯,U+1F36F,\xF0\x9F\x8D\xAF,honey pot
uncategorized,ğŸ°,ğŸ°,ğŸ°,U+1F370,\xF0\x9F\x8D\xB0,shortcake
uncategorized,ğŸ±,ğŸ±,ğŸ±,U+1F371,\xF0\x9F\x8D\xB1,bento box
uncategorized,ğŸ²,ğŸ²,ğŸ²,U+1F372,\xF0\x9F\x8D\xB2,pot of food
uncategorized,ğŸ³,ğŸ³,ğŸ³,U+1F373,\xF0\x9F\x8D\xB3,cooking
uncategorized,ğŸ´,ğŸ´,ğŸ´,U+1F374,\xF0\x9F\x8D\xB4,fork and knife
uncategorized,ğŸµ,ğŸµ,ğŸµ,U+1F375,\xF0\x9F\x8D\xB5,teacup without handle
uncategorized,ğŸ¶,ğŸ¶,ğŸ¶,U+1F376,\xF0\x9F\x8D\xB6,sake bottle and cup
uncategorized,ğŸ·,ğŸ·,ğŸ·,U+1F377,\xF0\x9F\x8D\xB7,wine glass
uncategorized,ğŸ¸,ğŸ¸,ğŸ¸,U+1F378,\xF0\x9F\x8D\xB8,cocktail glass
uncategorized,ğŸ¹,ğŸ¹,ğŸ¹,U+1F379,\xF0\x9F\x8D\xB9,tropical drink
uncategorized,ğŸº,ğŸº,ğŸº,U+1F37A,\xF0\x9F\x8D\xBA,beer mug
uncategorized,ğŸ»,ğŸ»,ğŸ»,U+1F37B,\xF0\x9F\x8D\xBB,clinking beer mugs
uncategorized,ğŸ€,ğŸ€,ğŸ€,U+1F380,\xF0\x9F\x8E\x80,ribbon
uncategorized,ğŸ,ğŸ,ğŸ,U+1F381,\xF0\x9F\x8E\x81,wrapped present
uncategorized,ğŸ‚,ğŸ‚,ğŸ‚,U+1F382,\xF0\x9F\x8E\x82,birthday cake
uncategorized,ğŸƒ,ğŸƒ,ğŸƒ,U+1F383,\xF0\x9F\x8E\x83,jack-o-lantern
uncategorized,ğŸ„,ğŸ„,ğŸ„,U+1F384,\xF0\x9F\x8E\x84,christmas tree
uncategorized,ğŸ…,ğŸ…,ğŸ…,U+1F385,\xF0\x9F\x8E\x85,father christmas
uncategorized,ğŸ†,ğŸ†,ğŸ†,U+1F386,\xF0\x9F\x8E\x86,fireworks
uncategorized,ğŸ‡,ğŸ‡,ğŸ‡,U+1F387,\xF0\x9F\x8E\x87,firework sparkler
uncategorized,ğŸˆ,ğŸˆ,ğŸˆ,U+1F388,\xF0\x9F\x8E\x88,balloon
uncategorized,ğŸ‰,ğŸ‰,ğŸ‰,U+1F389,\xF0\x9F\x8E\x89,party popper
uncategorized,ğŸŠ,ğŸŠ,ğŸŠ,U+1F38A,\xF0\x9F\x8E\x8A,confetti ball
uncategorized,ğŸ‹,ğŸ‹,ğŸ‹,U+1F38B,\xF0\x9F\x8E\x8B,tanabata tree
uncategorized,ğŸŒ,ğŸŒ,ğŸŒ,U+1F38C,\xF0\x9F\x8E\x8C,crossed flags
uncategorized,ğŸ,ğŸ,ğŸ,U+1F38D,\xF0\x9F\x8E\x8D,pine decoration
uncategorized,ğŸ,ğŸ,ğŸ,U+1F38E,\xF0\x9F\x8E\x8E,japanese dolls
uncategorized,ğŸ,ğŸ,ğŸ,U+1F38F,\xF0\x9F\x8E\x8F,carp streamer
uncategorized,ğŸ,ğŸ,ğŸ,U+1F390,\xF0\x9F\x8E\x90,wind chime
uncategorized,ğŸ‘,ğŸ‘,ğŸ‘,U+1F391,\xF0\x9F\x8E\x91,moon viewing ceremony
uncategorized,ğŸ’,ğŸ’,ğŸ’,U+1F392,\xF0\x9F\x8E\x92,school satchel
uncategorized,ğŸ“,ğŸ“,ğŸ“,U+1F393,\xF0\x9F\x8E\x93,graduation cap
uncategorized,ğŸ ,ğŸ ,ğŸ ,U+1F3A0,\xF0\x9F\x8E\xA0,carousel horse
uncategorized,ğŸ¡,ğŸ¡,ğŸ¡,U+1F3A1,\xF0\x9F\x8E\xA1,ferris wheel
uncategorized,ğŸ¢,ğŸ¢,ğŸ¢,U+1F3A2,\xF0\x9F\x8E\xA2,roller coaster
uncategorized,ğŸ£,ğŸ£,ğŸ£,U+1F3A3,\xF0\x9F\x8E\xA3,fishing pole and fish
uncategorized,ğŸ¤,ğŸ¤,ğŸ¤,U+1F3A4,\xF0\x9F\x8E\xA4,microphone
uncategorized,ğŸ¥,ğŸ¥,ğŸ¥,U+1F3A5,\xF0\x9F\x8E\xA5,movie camera
uncategorized,ğŸ¦,ğŸ¦,ğŸ¦,U+1F3A6,\xF0\x9F\x8E\xA6,cinema
uncategorized,ğŸ§,ğŸ§,ğŸ§,U+1F3A7,\xF0\x9F\x8E\xA7,headphone
uncategorized,ğŸ¨,ğŸ¨,ğŸ¨,U+1F3A8,\xF0\x9F\x8E\xA8,artist palette
uncategorized,ğŸ©,ğŸ©,ğŸ©,U+1F3A9,\xF0\x9F\x8E\xA9,top hat
uncategorized,ğŸª,ğŸª,ğŸª,U+1F3AA,\xF0\x9F\x8E\xAA,circus tent
uncategorized,ğŸ«,ğŸ«,ğŸ«,U+1F3AB,\xF0\x9F\x8E\xAB,ticket
uncategorized,ğŸ¬,ğŸ¬,ğŸ¬,U+1F3AC,\xF0\x9F\x8E\xAC,clapper board
uncategorized,ğŸ­,ğŸ­,ğŸ­,U+1F3AD,\xF0\x9F\x8E\xAD,performing arts
uncategorized,ğŸ®,ğŸ®,ğŸ®,U+1F3AE,\xF0\x9F\x8E\xAE,video game
uncategorized,ğŸ¯,ğŸ¯,ğŸ¯,U+1F3AF,\xF0\x9F\x8E\xAF,direct hit
uncategorized,ğŸ°,ğŸ°,ğŸ°,U+1F3B0,\xF0\x9F\x8E\xB0,slot machine
uncategorized,ğŸ±,ğŸ±,ğŸ±,U+1F3B1,\xF0\x9F\x8E\xB1,billiards
uncategorized,ğŸ²,ğŸ²,ğŸ²,U+1F3B2,\xF0\x9F\x8E\xB2,game die
uncategorized,ğŸ³,ğŸ³,ğŸ³,U+1F3B3,\xF0\x9F\x8E\xB3,bowling
uncategorized,ğŸ´,ğŸ´,ğŸ´,U+1F3B4,\xF0\x9F\x8E\xB4,flower playing cards
uncategorized,ğŸµ,ğŸµ,ğŸµ,U+1F3B5,\xF0\x9F\x8E\xB5,musical note
uncategorized,ğŸ¶,ğŸ¶,ğŸ¶,U+1F3B6,\xF0\x9F\x8E\xB6,multiple musical notes
uncategorized,ğŸ·,ğŸ·,ğŸ·,U+1F3B7,\xF0\x9F\x8E\xB7,saxophone
uncategorized,ğŸ¸,ğŸ¸,ğŸ¸,U+1F3B8,\xF0\x9F\x8E\xB8,guitar
uncategorized,ğŸ¹,ğŸ¹,ğŸ¹,U+1F3B9,\xF0\x9F\x8E\xB9,musical keyboard
uncategorized,ğŸº,ğŸº,ğŸº,U+1F3BA,\xF0\x9F\x8E\xBA,trumpet
uncategorized,ğŸ»,ğŸ»,ğŸ»,U+1F3BB,\xF0\x9F\x8E\xBB,violin
uncategorized,ğŸ¼,ğŸ¼,ğŸ¼,U+1F3BC,\xF0\x9F\x8E\xBC,musical score
uncategorized,ğŸ½,ğŸ½,ğŸ½,U+1F3BD,\xF0\x9F\x8E\xBD,running shirt with sash
uncategorized,ğŸ¾,ğŸ¾,ğŸ¾,U+1F3BE,\xF0\x9F\x8E\xBE,tennis racquet and ball
uncategorized,ğŸ¿,ğŸ¿,ğŸ¿,U+1F3BF,\xF0\x9F\x8E\xBF,ski and ski boot
uncategorized,ğŸ€,ğŸ€,ğŸ€,U+1F3C0,\xF0\x9F\x8F\x80,basketball and hoop
uncategorized,ğŸ,ğŸ,ğŸ,U+1F3C1,\xF0\x9F\x8F\x81,chequered flag
uncategorized,ğŸ‚,ğŸ‚,ğŸ‚,U+1F3C2,\xF0\x9F\x8F\x82,snowboarder
uncategorized,ğŸƒ,ğŸƒ,ğŸƒ,U+1F3C3,\xF0\x9F\x8F\x83,runner
uncategorized,ğŸ„,ğŸ„,ğŸ„,U+1F3C4,\xF0\x9F\x8F\x84,surfer
uncategorized,ğŸ†,ğŸ†,ğŸ†,U+1F3C6,\xF0\x9F\x8F\x86,trophy
uncategorized,ğŸˆ,ğŸˆ,ğŸˆ,U+1F3C8,\xF0\x9F\x8F\x88,american football
uncategorized,ğŸŠ,ğŸŠ,ğŸŠ,U+1F3CA,\xF0\x9F\x8F\x8A,swimmer
uncategorized,ğŸ ,ğŸ ,ğŸ ,U+1F3E0,\xF0\x9F\x8F\xA0,house building
uncategorized,ğŸ¡,ğŸ¡,ğŸ¡,U+1F3E1,\xF0\x9F\x8F\xA1,house with garden
uncategorized,ğŸ¢,ğŸ¢,ğŸ¢,U+1F3E2,\xF0\x9F\x8F\xA2,office building
uncategorized,ğŸ£,ğŸ£,ğŸ£,U+1F3E3,\xF0\x9F\x8F\xA3,japanese post office
uncategorized,ğŸ¥,ğŸ¥,ğŸ¥,U+1F3E5,\xF0\x9F\x8F\xA5,hospital
uncategorized,ğŸ¦,ğŸ¦,ğŸ¦,U+1F3E6,\xF0\x9F\x8F\xA6,bank
uncategorized,ğŸ§,ğŸ§,ğŸ§,U+1F3E7,\xF0\x9F\x8F\xA7,automated teller machine
uncategorized,ğŸ¨,ğŸ¨,ğŸ¨,U+1F3E8,\xF0\x9F\x8F\xA8,hotel
uncategorized,ğŸ©,ğŸ©,ğŸ©,U+1F3E9,\xF0\x9F\x8F\xA9,love hotel
uncategorized,ğŸª,ğŸª,ğŸª,U+1F3EA,\xF0\x9F\x8F\xAA,convenience store
uncategorized,ğŸ«,ğŸ«,ğŸ«,U+1F3EB,\xF0\x9F\x8F\xAB,school
uncategorized,ğŸ¬,ğŸ¬,ğŸ¬,U+1F3EC,\xF0\x9F\x8F\xAC,department store
uncategorized,ğŸ­,ğŸ­,ğŸ­,U+1F3ED,\xF0\x9F\x8F\xAD,factory
uncategorized,ğŸ®,ğŸ®,ğŸ®,U+1F3EE,\xF0\x9F\x8F\xAE,izakaya lantern
uncategorized,ğŸ¯,ğŸ¯,ğŸ¯,U+1F3EF,\xF0\x9F\x8F\xAF,japanese castle
uncategorized,ğŸ°,ğŸ°,ğŸ°,U+1F3F0,\xF0\x9F\x8F\xB0,european castle
uncategorized,ğŸŒ,ğŸŒ,ğŸŒ,U+1F40C,\xF0\x9F\x90\x8C,snail
uncategorized,ğŸ,ğŸ,ğŸ,U+1F40D,\xF0\x9F\x90\x8D,snake
uncategorized,ğŸ,ğŸ,ğŸ,U+1F40E,\xF0\x9F\x90\x8E,horse
uncategorized,ğŸ‘,ğŸ‘,ğŸ‘,U+1F411,\xF0\x9F\x90\x91,sheep
uncategorized,ğŸ’,ğŸ’,ğŸ’,U+1F412,\xF0\x9F\x90\x92,monkey
uncategorized,ğŸ”,ğŸ”,ğŸ”,U+1F414,\xF0\x9F\x90\x94,chicken
uncategorized,ğŸ—,ğŸ—,ğŸ—,U+1F417,\xF0\x9F\x90\x97,boar
uncategorized,ğŸ˜,ğŸ˜,ğŸ˜,U+1F418,\xF0\x9F\x90\x98,elephant
uncategorized,ğŸ™,ğŸ™,ğŸ™,U+1F419,\xF0\x9F\x90\x99,octopus
uncategorized,ğŸš,ğŸš,ğŸš,U+1F41A,\xF0\x9F\x90\x9A,spiral shell
uncategorized,ğŸ›,ğŸ›,ğŸ›,U+1F41B,\xF0\x9F\x90\x9B,bug
uncategorized,ğŸœ,ğŸœ,ğŸœ,U+1F41C,\xF0\x9F\x90\x9C,ant
uncategorized,ğŸ,ğŸ,ğŸ,U+1F41D,\xF0\x9F\x90\x9D,honeybee
uncategorized,ğŸ,ğŸ,ğŸ,U+1F41E,\xF0\x9F\x90\x9E,lady beetle
uncategorized,ğŸŸ,ğŸŸ,ğŸŸ,U+1F41F,\xF0\x9F\x90\x9F,fish
uncategorized,ğŸ ,ğŸ ,ğŸ ,U+1F420,\xF0\x9F\x90\xA0,tropical fish
uncategorized,ğŸ¡,ğŸ¡,ğŸ¡,U+1F421,\xF0\x9F\x90\xA1,blowfish
uncategorized,ğŸ¢,ğŸ¢,ğŸ¢,U+1F422,\xF0\x9F\x90\xA2,turtle
uncategorized,ğŸ£,ğŸ£,ğŸ£,U+1F423,\xF0\x9F\x90\xA3,hatching chick
uncategorized,ğŸ¤,ğŸ¤,ğŸ¤,U+1F424,\xF0\x9F\x90\xA4,baby chick
uncategorized,ğŸ¥,ğŸ¥,ğŸ¥,U+1F425,\xF0\x9F\x90\xA5,front-facing baby chick
uncategorized,ğŸ¦,ğŸ¦,ğŸ¦,U+1F426,\xF0\x9F\x90\xA6,bird
uncategorized,ğŸ§,ğŸ§,ğŸ§,U+1F427,\xF0\x9F\x90\xA7,penguin
uncategorized,ğŸ¨,ğŸ¨,ğŸ¨,U+1F428,\xF0\x9F\x90\xA8,koala
uncategorized,ğŸ©,ğŸ©,ğŸ©,U+1F429,\xF0\x9F\x90\xA9,poodle
uncategorized,ğŸ«,ğŸ«,ğŸ«,U+1F42B,\xF0\x9F\x90\xAB,bactrian camel
uncategorized,ğŸ¬,ğŸ¬,ğŸ¬,U+1F42C,\xF0\x9F\x90\xAC,dolphin
uncategorized,ğŸ­,ğŸ­,ğŸ­,U+1F42D,\xF0\x9F\x90\xAD,mouse face
uncategorized,ğŸ®,ğŸ®,ğŸ®,U+1F42E,\xF0\x9F\x90\xAE,cow face
uncategorized,ğŸ¯,ğŸ¯,ğŸ¯,U+1F42F,\xF0\x9F\x90\xAF,tiger face
uncategorized,ğŸ°,ğŸ°,ğŸ°,U+1F430,\xF0\x9F\x90\xB0,rabbit face
uncategorized,ğŸ±,ğŸ±,ğŸ±,U+1F431,\xF0\x9F\x90\xB1,cat face
uncategorized,ğŸ²,ğŸ²,ğŸ²,U+1F432,\xF0\x9F\x90\xB2,dragon face
uncategorized,ğŸ³,ğŸ³,ğŸ³,U+1F433,\xF0\x9F\x90\xB3,spouting whale
uncategorized,ğŸ´,ğŸ´,ğŸ´,U+1F434,\xF0\x9F\x90\xB4,horse face
uncategorized,ğŸµ,ğŸµ,ğŸµ,U+1F435,\xF0\x9F\x90\xB5,monkey face
uncategorized,ğŸ¶,ğŸ¶,ğŸ¶,U+1F436,\xF0\x9F\x90\xB6,dog face
uncategorized,ğŸ·,ğŸ·,ğŸ·,U+1F437,\xF0\x9F\x90\xB7,pig face
uncategorized,ğŸ¸,ğŸ¸,ğŸ¸,U+1F438,\xF0\x9F\x90\xB8,frog face
uncategorized,ğŸ¹,ğŸ¹,ğŸ¹,U+1F439,\xF0\x9F\x90\xB9,hamster face
uncategorized,ğŸº,ğŸº,ğŸº,U+1F43A,\xF0\x9F\x90\xBA,wolf face
uncategorized,ğŸ»,ğŸ»,ğŸ»,U+1F43B,\xF0\x9F\x90\xBB,bear face
uncategorized,ğŸ¼,ğŸ¼,ğŸ¼,U+1F43C,\xF0\x9F\x90\xBC,panda face
uncategorized,ğŸ½,ğŸ½,ğŸ½,U+1F43D,\xF0\x9F\x90\xBD,pig nose
uncategorized,ğŸ¾,ğŸ¾,ğŸ¾,U+1F43E,\xF0\x9F\x90\xBE,paw prints
uncategorized,ğŸ‘€,ğŸ‘€,ğŸ‘€,U+1F440,\xF0\x9F\x91\x80,eyes
uncategorized,ğŸ‘‚,ğŸ‘‚,ğŸ‘‚,U+1F442,\xF0\x9F\x91\x82,ear
uncategorized,ğŸ‘ƒ,ğŸ‘ƒ,ğŸ‘ƒ,U+1F443,\xF0\x9F\x91\x83,nose
uncategorized,ğŸ‘„,ğŸ‘„,ğŸ‘„,U+1F444,\xF0\x9F\x91\x84,mouth
uncategorized,ğŸ‘…,ğŸ‘…,ğŸ‘…,U+1F445,\xF0\x9F\x91\x85,tongue
uncategorized,ğŸ‘†,ğŸ‘†,ğŸ‘†,U+1F446,\xF0\x9F\x91\x86,white up pointing backhand index
uncategorized,ğŸ‘‡,ğŸ‘‡,ğŸ‘‡,U+1F447,\xF0\x9F\x91\x87,white down pointing backhand index
uncategorized,ğŸ‘ˆ,ğŸ‘ˆ,ğŸ‘ˆ,U+1F448,\xF0\x9F\x91\x88,white left pointing backhand index
uncategorized,ğŸ‘‰,ğŸ‘‰,ğŸ‘‰,U+1F449,\xF0\x9F\x91\x89,white right pointing backhand index
uncategorized,ğŸ‘Š,ğŸ‘Š,ğŸ‘Š,U+1F44A,\xF0\x9F\x91\x8A,fisted hand sign
uncategorized,ğŸ‘‹,ğŸ‘‹,ğŸ‘‹,U+1F44B,\xF0\x9F\x91\x8B,waving hand sign
uncategorized,ğŸ‘Œ,ğŸ‘Œ,ğŸ‘Œ,U+1F44C,\xF0\x9F\x91\x8C,ok hand sign
uncategorized,ğŸ‘,ğŸ‘,ğŸ‘,U+1F44D,\xF0\x9F\x91\x8D,thumbs up sign
uncategorized,ğŸ‘,ğŸ‘,ğŸ‘,U+1F44E,\xF0\x9F\x91\x8E,thumbs down sign
uncategorized,ğŸ‘,ğŸ‘,ğŸ‘,U+1F44F,\xF0\x9F\x91\x8F,clapping hands sign
uncategorized,ğŸ‘,ğŸ‘,ğŸ‘,U+1F450,\xF0\x9F\x91\x90,open hands sign
uncategorized,ğŸ‘‘,ğŸ‘‘,ğŸ‘‘,U+1F451,\xF0\x9F\x91\x91,crown
uncategorized,ğŸ‘’,ğŸ‘’,ğŸ‘’,U+1F452,\xF0\x9F\x91\x92,womans hat
uncategorized,ğŸ‘“,ğŸ‘“,ğŸ‘“,U+1F453,\xF0\x9F\x91\x93,eyeglasses
uncategorized,ğŸ‘”,ğŸ‘”,ğŸ‘”,U+1F454,\xF0\x9F\x91\x94,necktie
uncategorized,ğŸ‘•,ğŸ‘•,ğŸ‘•,U+1F455,\xF0\x9F\x91\x95,t-shirt
uncategorized,ğŸ‘–,ğŸ‘–,ğŸ‘–,U+1F456,\xF0\x9F\x91\x96,jeans
uncategorized,ğŸ‘—,ğŸ‘—,ğŸ‘—,U+1F457,\xF0\x9F\x91\x97,dress
uncategorized,ğŸ‘˜,ğŸ‘˜,ğŸ‘˜,U+1F458,\xF0\x9F\x91\x98,kimono
uncategorized,ğŸ‘™,ğŸ‘™,ğŸ‘™,U+1F459,\xF0\x9F\x91\x99,bikini
uncategorized,ğŸ‘š,ğŸ‘š,ğŸ‘š,U+1F45A,\xF0\x9F\x91\x9A,womans clothes
uncategorized,ğŸ‘›,ğŸ‘›,ğŸ‘›,U+1F45B,\xF0\x9F\x91\x9B,purse
uncategorized,ğŸ‘œ,ğŸ‘œ,ğŸ‘œ,U+1F45C,\xF0\x9F\x91\x9C,handbag
uncategorized,ğŸ‘,ğŸ‘,ğŸ‘,U+1F45D,\xF0\x9F\x91\x9D,pouch
uncategorized,ğŸ‘,ğŸ‘,ğŸ‘,U+1F45E,\xF0\x9F\x91\x9E,mans shoe
uncategorized,ğŸ‘Ÿ,ğŸ‘Ÿ,ğŸ‘Ÿ,U+1F45F,\xF0\x9F\x91\x9F,athletic shoe
uncategorized,ğŸ‘ ,ğŸ‘ ,ğŸ‘ ,U+1F460,\xF0\x9F\x91\xA0,high-heeled shoe
uncategorized,ğŸ‘¡,ğŸ‘¡,ğŸ‘¡,U+1F461,\xF0\x9F\x91\xA1,womans sandal
uncategorized,ğŸ‘¢,ğŸ‘¢,ğŸ‘¢,U+1F462,\xF0\x9F\x91\xA2,womans boots
uncategorized,ğŸ‘£,ğŸ‘£,ğŸ‘£,U+1F463,\xF0\x9F\x91\xA3,footprints
uncategorized,ğŸ‘¤,ğŸ‘¤,ğŸ‘¤,U+1F464,\xF0\x9F\x91\xA4,bust in silhouette
uncategorized,ğŸ‘¦,ğŸ‘¦,ğŸ‘¦,U+1F466,\xF0\x9F\x91\xA6,boy
uncategorized,ğŸ‘§,ğŸ‘§,ğŸ‘§,U+1F467,\xF0\x9F\x91\xA7,girl
uncategorized,ğŸ‘¨,ğŸ‘¨,ğŸ‘¨,U+1F468,\xF0\x9F\x91\xA8,man
uncategorized,ğŸ‘©,ğŸ‘©,ğŸ‘©,U+1F469,\xF0\x9F\x91\xA9,woman
uncategorized,ğŸ‘ª,ğŸ‘ª,ğŸ‘ª,U+1F46A,\xF0\x9F\x91\xAA,family
uncategorized,ğŸ‘«,ğŸ‘«,ğŸ‘«,U+1F46B,\xF0\x9F\x91\xAB,man and woman holding hands
uncategorized,ğŸ‘®,ğŸ‘®,ğŸ‘®,U+1F46E,\xF0\x9F\x91\xAE,police officer
uncategorized,ğŸ‘¯,ğŸ‘¯,ğŸ‘¯,U+1F46F,\xF0\x9F\x91\xAF,woman with bunny ears
uncategorized,ğŸ‘°,ğŸ‘°,ğŸ‘°,U+1F470,\xF0\x9F\x91\xB0,bride with veil
uncategorized,ğŸ‘±,ğŸ‘±,ğŸ‘±,U+1F471,\xF0\x9F\x91\xB1,person with blond hair
uncategorized,ğŸ‘²,ğŸ‘²,ğŸ‘²,U+1F472,\xF0\x9F\x91\xB2,man with gua pi mao
uncategorized,ğŸ‘³,ğŸ‘³,ğŸ‘³,U+1F473,\xF0\x9F\x91\xB3,man with turban
uncategorized,ğŸ‘´,ğŸ‘´,ğŸ‘´,U+1F474,\xF0\x9F\x91\xB4,older man
uncategorized,ğŸ‘µ,ğŸ‘µ,ğŸ‘µ,U+1F475,\xF0\x9F\x91\xB5,older woman
uncategorized,ğŸ‘¶,ğŸ‘¶,ğŸ‘¶,U+1F476,\xF0\x9F\x91\xB6,baby
uncategorized,ğŸ‘·,ğŸ‘·,ğŸ‘·,U+1F477,\xF0\x9F\x91\xB7,construction worker
uncategorized,ğŸ‘¸,ğŸ‘¸,ğŸ‘¸,U+1F478,\xF0\x9F\x91\xB8,princess
uncategorized,ğŸ‘¹,ğŸ‘¹,ğŸ‘¹,U+1F479,\xF0\x9F\x91\xB9,japanese ogre
uncategorized,ğŸ‘º,ğŸ‘º,ğŸ‘º,U+1F47A,\xF0\x9F\x91\xBA,japanese goblin
uncategorized,ğŸ‘»,ğŸ‘»,ğŸ‘»,U+1F47B,\xF0\x9F\x91\xBB,ghost
uncategorized,ğŸ‘¼,ğŸ‘¼,ğŸ‘¼,U+1F47C,\xF0\x9F\x91\xBC,baby angel
uncategorized,ğŸ‘½,ğŸ‘½,ğŸ‘½,U+1F47D,\xF0\x9F\x91\xBD,extraterrestrial alien
uncategorized,ğŸ‘¾,ğŸ‘¾,ğŸ‘¾,U+1F47E,\xF0\x9F\x91\xBE,alien monster
uncategorized,ğŸ‘¿,ğŸ‘¿,ğŸ‘¿,U+1F47F,\xF0\x9F\x91\xBF,imp
uncategorized,ğŸ’€,ğŸ’€,ğŸ’€,U+1F480,\xF0\x9F\x92\x80,skull
uncategorized,ğŸ’,ğŸ’,ğŸ’,U+1F481,\xF0\x9F\x92\x81,information desk person
uncategorized,ğŸ’‚,ğŸ’‚,ğŸ’‚,U+1F482,\xF0\x9F\x92\x82,guardsman
uncategorized,ğŸ’ƒ,ğŸ’ƒ,ğŸ’ƒ,U+1F483,\xF0\x9F\x92\x83,dancer
uncategorized,ğŸ’„,ğŸ’„,ğŸ’„,U+1F484,\xF0\x9F\x92\x84,lipstick
uncategorized,ğŸ’…,ğŸ’…,ğŸ’…,U+1F485,\xF0\x9F\x92\x85,nail polish
uncategorized,ğŸ’†,ğŸ’†,ğŸ’†,U+1F486,\xF0\x9F\x92\x86,face massage
uncategorized,ğŸ’‡,ğŸ’‡,ğŸ’‡,U+1F487,\xF0\x9F\x92\x87,haircut
uncategorized,ğŸ’ˆ,ğŸ’ˆ,ğŸ’ˆ,U+1F488,\xF0\x9F\x92\x88,barber pole
uncategorized,ğŸ’‰,ğŸ’‰,ğŸ’‰,U+1F489,\xF0\x9F\x92\x89,syringe
uncategorized,ğŸ’Š,ğŸ’Š,ğŸ’Š,U+1F48A,\xF0\x9F\x92\x8A,pill
uncategorized,ğŸ’‹,ğŸ’‹,ğŸ’‹,U+1F48B,\xF0\x9F\x92\x8B,kiss mark
uncategorized,ğŸ’Œ,ğŸ’Œ,ğŸ’Œ,U+1F48C,\xF0\x9F\x92\x8C,love letter
uncategorized,ğŸ’,ğŸ’,ğŸ’,U+1F48D,\xF0\x9F\x92\x8D,ring
uncategorized,ğŸ’,ğŸ’,ğŸ’,U+1F48E,\xF0\x9F\x92\x8E,gem stone
uncategorized,ğŸ’,ğŸ’,ğŸ’,U+1F48F,\xF0\x9F\x92\x8F,kiss
uncategorized,ğŸ’,ğŸ’,ğŸ’,U+1F490,\xF0\x9F\x92\x90,bouquet
uncategorized,ğŸ’‘,ğŸ’‘,ğŸ’‘,U+1F491,\xF0\x9F\x92\x91,couple with heart
uncategorized,ğŸ’’,ğŸ’’,ğŸ’’,U+1F492,\xF0\x9F\x92\x92,wedding
uncategorized,ğŸ’“,ğŸ’“,ğŸ’“,U+1F493,\xF0\x9F\x92\x93,beating heart
uncategorized,ğŸ’”,ğŸ’”,ğŸ’”,U+1F494,\xF0\x9F\x92\x94,broken heart
uncategorized,ğŸ’•,ğŸ’•,ğŸ’•,U+1F495,\xF0\x9F\x92\x95,two hearts
uncategorized,ğŸ’–,ğŸ’–,ğŸ’–,U+1F496,\xF0\x9F\x92\x96,sparkling heart
uncategorized,ğŸ’—,ğŸ’—,ğŸ’—,U+1F497,\xF0\x9F\x92\x97,growing heart
uncategorized,ğŸ’˜,ğŸ’˜,ğŸ’˜,U+1F498,\xF0\x9F\x92\x98,heart with arrow
uncategorized,ğŸ’™,ğŸ’™,ğŸ’™,U+1F499,\xF0\x9F\x92\x99,blue heart
uncategorized,ğŸ’š,ğŸ’š,ğŸ’š,U+1F49A,\xF0\x9F\x92\x9A,green heart
uncategorized,ğŸ’›,ğŸ’›,ğŸ’›,U+1F49B,\xF0\x9F\x92\x9B,yellow heart
uncategorized,ğŸ’œ,ğŸ’œ,ğŸ’œ,U+1F49C,\xF0\x9F\x92\x9C,purple heart
uncategorized,ğŸ’,ğŸ’,ğŸ’,U+1F49D,\xF0\x9F\x92\x9D,heart with ribbon
uncategorized,ğŸ’,ğŸ’,ğŸ’,U+1F49E,\xF0\x9F\x92\x9E,revolving hearts
uncategorized,ğŸ’Ÿ,ğŸ’Ÿ,ğŸ’Ÿ,U+1F49F,\xF0\x9F\x92\x9F,heart decoration
uncategorized,ğŸ’ ,ğŸ’ ,ğŸ’ ,U+1F4A0,\xF0\x9F\x92\xA0,diamond shape with a dot inside
uncategorized,ğŸ’¡,ğŸ’¡,ğŸ’¡,U+1F4A1,\xF0\x9F\x92\xA1,electric light bulb
uncategorized,ğŸ’¢,ğŸ’¢,ğŸ’¢,U+1F4A2,\xF0\x9F\x92\xA2,anger symbol
uncategorized,ğŸ’£,ğŸ’£,ğŸ’£,U+1F4A3,\xF0\x9F\x92\xA3,bomb
uncategorized,ğŸ’¤,ğŸ’¤,ğŸ’¤,U+1F4A4,\xF0\x9F\x92\xA4,sleeping symbol
uncategorized,ğŸ’¥,ğŸ’¥,ğŸ’¥,U+1F4A5,\xF0\x9F\x92\xA5,collision symbol
uncategorized,ğŸ’¦,ğŸ’¦,ğŸ’¦,U+1F4A6,\xF0\x9F\x92\xA6,splashing sweat symbol
uncategorized,ğŸ’§,ğŸ’§,ğŸ’§,U+1F4A7,\xF0\x9F\x92\xA7,droplet
uncategorized,ğŸ’¨,ğŸ’¨,ğŸ’¨,U+1F4A8,\xF0\x9F\x92\xA8,dash symbol
uncategorized,ğŸ’©,ğŸ’©,ğŸ’©,U+1F4A9,\xF0\x9F\x92\xA9,pile of poo
uncategorized,ğŸ’ª,ğŸ’ª,ğŸ’ª,U+1F4AA,\xF0\x9F\x92\xAA,flexed biceps
uncategorized,ğŸ’«,ğŸ’«,ğŸ’«,U+1F4AB,\xF0\x9F\x92\xAB,dizzy symbol
uncategorized,ğŸ’¬,ğŸ’¬,ğŸ’¬,U+1F4AC,\xF0\x9F\x92\xAC,speech balloon
uncategorized,ğŸ’®,ğŸ’®,ğŸ’®,U+1F4AE,\xF0\x9F\x92\xAE,white flower
uncategorized,ğŸ’¯,ğŸ’¯,ğŸ’¯,U+1F4AF,\xF0\x9F\x92\xAF,hundred points symbol
uncategorized,ğŸ’°,ğŸ’°,ğŸ’°,U+1F4B0,\xF0\x9F\x92\xB0,money bag
uncategorized,ğŸ’±,ğŸ’±,ğŸ’±,U+1F4B1,\xF0\x9F\x92\xB1,currency exchange
uncategorized,ğŸ’²,ğŸ’²,ğŸ’²,U+1F4B2,\xF0\x9F\x92\xB2,heavy dollar sign
uncategorized,ğŸ’³,ğŸ’³,ğŸ’³,U+1F4B3,\xF0\x9F\x92\xB3,credit card
uncategorized,ğŸ’´,ğŸ’´,ğŸ’´,U+1F4B4,\xF0\x9F\x92\xB4,banknote with yen sign
uncategorized,ğŸ’µ,ğŸ’µ,ğŸ’µ,U+1F4B5,\xF0\x9F\x92\xB5,banknote with dollar sign
uncategorized,ğŸ’¸,ğŸ’¸,ğŸ’¸,U+1F4B8,\xF0\x9F\x92\xB8,money with wings
uncategorized,ğŸ’¹,ğŸ’¹,ğŸ’¹,U+1F4B9,\xF0\x9F\x92\xB9,chart with upwards trend and yen sign
uncategorized,ğŸ’º,ğŸ’º,ğŸ’º,U+1F4BA,\xF0\x9F\x92\xBA,seat
uncategorized,ğŸ’»,ğŸ’»,ğŸ’»,U+1F4BB,\xF0\x9F\x92\xBB,personal computer
uncategorized,ğŸ’¼,ğŸ’¼,ğŸ’¼,U+1F4BC,\xF0\x9F\x92\xBC,briefcase
uncategorized,ğŸ’½,ğŸ’½,ğŸ’½,U+1F4BD,\xF0\x9F\x92\xBD,minidisc
uncategorized,ğŸ’¾,ğŸ’¾,ğŸ’¾,U+1F4BE,\xF0\x9F\x92\xBE,floppy disk
uncategorized,ğŸ’¿,ğŸ’¿,ğŸ’¿,U+1F4BF,\xF0\x9F\x92\xBF,optical disc
uncategorized,ğŸ“€,ğŸ“€,ğŸ“€,U+1F4C0,\xF0\x9F\x93\x80,dvd
uncategorized,ğŸ“,ğŸ“,ğŸ“,U+1F4C1,\xF0\x9F\x93\x81,file folder
uncategorized,ğŸ“‚,ğŸ“‚,ğŸ“‚,U+1F4C2,\xF0\x9F\x93\x82,open file folder
uncategorized,ğŸ“ƒ,ğŸ“ƒ,ğŸ“ƒ,U+1F4C3,\xF0\x9F\x93\x83,page with curl
uncategorized,ğŸ“„,ğŸ“„,ğŸ“„,U+1F4C4,\xF0\x9F\x93\x84,page facing up
uncategorized,ğŸ“…,ğŸ“…,ğŸ“…,U+1F4C5,\xF0\x9F\x93\x85,calendar
uncategorized,ğŸ“†,ğŸ“†,ğŸ“†,U+1F4C6,\xF0\x9F\x93\x86,tear-off calendar
uncategorized,ğŸ“‡,ğŸ“‡,ğŸ“‡,U+1F4C7,\xF0\x9F\x93\x87,card index
uncategorized,ğŸ“ˆ,ğŸ“ˆ,ğŸ“ˆ,U+1F4C8,\xF0\x9F\x93\x88,chart with upwards trend
uncategorized,ğŸ“‰,ğŸ“‰,ğŸ“‰,U+1F4C9,\xF0\x9F\x93\x89,chart with downwards trend
uncategorized,ğŸ“Š,ğŸ“Š,ğŸ“Š,U+1F4CA,\xF0\x9F\x93\x8A,bar chart
uncategorized,ğŸ“‹,ğŸ“‹,ğŸ“‹,U+1F4CB,\xF0\x9F\x93\x8B,clipboard
uncategorized,ğŸ“Œ,ğŸ“Œ,ğŸ“Œ,U+1F4CC,\xF0\x9F\x93\x8C,pushpin
uncategorized,ğŸ“,ğŸ“,ğŸ“,U+1F4CD,\xF0\x9F\x93\x8D,round pushpin
uncategorized,ğŸ“,ğŸ“,ğŸ“,U+1F4CE,\xF0\x9F\x93\x8E,paperclip
uncategorized,ğŸ“,ğŸ“,ğŸ“,U+1F4CF,\xF0\x9F\x93\x8F,straight ruler
uncategorized,ğŸ“,ğŸ“,ğŸ“,U+1F4D0,\xF0\x9F\x93\x90,triangular ruler
uncategorized,ğŸ“‘,ğŸ“‘,ğŸ“‘,U+1F4D1,\xF0\x9F\x93\x91,bookmark tabs
uncategorized,ğŸ“’,ğŸ“’,ğŸ“’,U+1F4D2,\xF0\x9F\x93\x92,ledger
uncategorized,ğŸ““,ğŸ““,ğŸ““,U+1F4D3,\xF0\x9F\x93\x93,notebook
uncategorized,ğŸ“”,ğŸ“”,ğŸ“”,U+1F4D4,\xF0\x9F\x93\x94,notebook with decorative cover
uncategorized,ğŸ“•,ğŸ“•,ğŸ“•,U+1F4D5,\xF0\x9F\x93\x95,closed book
uncategorized,ğŸ“–,ğŸ“–,ğŸ“–,U+1F4D6,\xF0\x9F\x93\x96,open book
uncategorized,ğŸ“—,ğŸ“—,ğŸ“—,U+1F4D7,\xF0\x9F\x93\x97,green book
uncategorized,ğŸ“˜,ğŸ“˜,ğŸ“˜,U+1F4D8,\xF0\x9F\x93\x98,blue book
uncategorized,ğŸ“™,ğŸ“™,ğŸ“™,U+1F4D9,\xF0\x9F\x93\x99,orange book
uncategorized,ğŸ“š,ğŸ“š,ğŸ“š,U+1F4DA,\xF0\x9F\x93\x9A,books
uncategorized,ğŸ“›,ğŸ“›,ğŸ“›,U+1F4DB,\xF0\x9F\x93\x9B,name badge
uncategorized,ğŸ“œ,ğŸ“œ,ğŸ“œ,U+1F4DC,\xF0\x9F\x93\x9C,scroll
uncategorized,ğŸ“,ğŸ“,ğŸ“,U+1F4DD,\xF0\x9F\x93\x9D,memo
uncategorized,ğŸ“,ğŸ“,ğŸ“,U+1F4DE,\xF0\x9F\x93\x9E,telephone receiver
uncategorized,ğŸ“Ÿ,ğŸ“Ÿ,ğŸ“Ÿ,U+1F4DF,\xF0\x9F\x93\x9F,pager
uncategorized,ğŸ“ ,ğŸ“ ,ğŸ“ ,U+1F4E0,\xF0\x9F\x93\xA0,fax machine
uncategorized,ğŸ“¡,ğŸ“¡,ğŸ“¡,U+1F4E1,\xF0\x9F\x93\xA1,satellite antenna
uncategorized,ğŸ“¢,ğŸ“¢,ğŸ“¢,U+1F4E2,\xF0\x9F\x93\xA2,public address loudspeaker
uncategorized,ğŸ“£,ğŸ“£,ğŸ“£,U+1F4E3,\xF0\x9F\x93\xA3,cheering megaphone
uncategorized,ğŸ“¤,ğŸ“¤,ğŸ“¤,U+1F4E4,\xF0\x9F\x93\xA4,outbox tray
uncategorized,ğŸ“¥,ğŸ“¥,ğŸ“¥,U+1F4E5,\xF0\x9F\x93\xA5,inbox tray
uncategorized,ğŸ“¦,ğŸ“¦,ğŸ“¦,U+1F4E6,\xF0\x9F\x93\xA6,package
uncategorized,ğŸ“§,ğŸ“§,ğŸ“§,U+1F4E7,\xF0\x9F\x93\xA7,e-mail symbol
uncategorized,ğŸ“¨,ğŸ“¨,ğŸ“¨,U+1F4E8,\xF0\x9F\x93\xA8,incoming envelope
uncategorized,ğŸ“©,ğŸ“©,ğŸ“©,U+1F4E9,\xF0\x9F\x93\xA9,envelope with downwards arrow above
uncategorized,ğŸ“ª,ğŸ“ª,ğŸ“ª,U+1F4EA,\xF0\x9F\x93\xAA,closed mailbox with lowered flag
uncategorized,ğŸ“«,ğŸ“«,ğŸ“«,U+1F4EB,\xF0\x9F\x93\xAB,closed mailbox with raised flag
uncategorized,ğŸ“®,ğŸ“®,ğŸ“®,U+1F4EE,\xF0\x9F\x93\xAE,postbox
uncategorized,ğŸ“°,ğŸ“°,ğŸ“°,U+1F4F0,\xF0\x9F\x93\xB0,newspaper
uncategorized,ğŸ“±,ğŸ“±,ğŸ“±,U+1F4F1,\xF0\x9F\x93\xB1,mobile phone
uncategorized,ğŸ“²,ğŸ“²,ğŸ“²,U+1F4F2,\xF0\x9F\x93\xB2,mobile phone with rightwards arrow at left
uncategorized,ğŸ“³,ğŸ“³,ğŸ“³,U+1F4F3,\xF0\x9F\x93\xB3,vibration mode
uncategorized,ğŸ“´,ğŸ“´,ğŸ“´,U+1F4F4,\xF0\x9F\x93\xB4,mobile phone off
uncategorized,ğŸ“¶,ğŸ“¶,ğŸ“¶,U+1F4F6,\xF0\x9F\x93\xB6,antenna with bars
uncategorized,ğŸ“·,ğŸ“·,ğŸ“·,U+1F4F7,\xF0\x9F\x93\xB7,camera
uncategorized,ğŸ“¹,ğŸ“¹,ğŸ“¹,U+1F4F9,\xF0\x9F\x93\xB9,video camera
uncategorized,ğŸ“º,ğŸ“º,ğŸ“º,U+1F4FA,\xF0\x9F\x93\xBA,television
uncategorized,ğŸ“»,ğŸ“»,ğŸ“»,U+1F4FB,\xF0\x9F\x93\xBB,radio
uncategorized,ğŸ“¼,ğŸ“¼,ğŸ“¼,U+1F4FC,\xF0\x9F\x93\xBC,videocassette
uncategorized,ğŸ”ƒ,ğŸ”ƒ,ğŸ”ƒ,U+1F503,\xF0\x9F\x94\x83,clockwise downwards and upwards open circle arrows
uncategorized,ğŸ”Š,ğŸ”Š,ğŸ”Š,U+1F50A,\xF0\x9F\x94\x8A,speaker with three sound waves
uncategorized,ğŸ”‹,ğŸ”‹,ğŸ”‹,U+1F50B,\xF0\x9F\x94\x8B,battery
uncategorized,ğŸ”Œ,ğŸ”Œ,ğŸ”Œ,U+1F50C,\xF0\x9F\x94\x8C,electric plug
uncategorized,ğŸ”,ğŸ”,ğŸ”,U+1F50D,\xF0\x9F\x94\x8D,left-pointing magnifying glass
uncategorized,ğŸ”,ğŸ”,ğŸ”,U+1F50E,\xF0\x9F\x94\x8E,right-pointing magnifying glass
uncategorized,ğŸ”,ğŸ”,ğŸ”,U+1F50F,\xF0\x9F\x94\x8F,lock with ink pen
uncategorized,ğŸ”,ğŸ”,ğŸ”,U+1F510,\xF0\x9F\x94\x90,closed lock with key
uncategorized,ğŸ”‘,ğŸ”‘,ğŸ”‘,U+1F511,\xF0\x9F\x94\x91,key
uncategorized,ğŸ”’,ğŸ”’,ğŸ”’,U+1F512,\xF0\x9F\x94\x92,lock
uncategorized,ğŸ”“,ğŸ”“,ğŸ”“,U+1F513,\xF0\x9F\x94\x93,open lock
uncategorized,ğŸ””,ğŸ””,ğŸ””,U+1F514,\xF0\x9F\x94\x94,bell
uncategorized,ğŸ”–,ğŸ”–,ğŸ”–,U+1F516,\xF0\x9F\x94\x96,bookmark
uncategorized,ğŸ”—,ğŸ”—,ğŸ”—,U+1F517,\xF0\x9F\x94\x97,link symbol
uncategorized,ğŸ”˜,ğŸ”˜,ğŸ”˜,U+1F518,\xF0\x9F\x94\x98,radio button
uncategorized,ğŸ”™,ğŸ”™,ğŸ”™,U+1F519,\xF0\x9F\x94\x99,back with leftwards arrow above
uncategorized,ğŸ”š,ğŸ”š,ğŸ”š,U+1F51A,\xF0\x9F\x94\x9A,end with leftwards arrow above
uncategorized,ğŸ”›,ğŸ”›,ğŸ”›,U+1F51B,\xF0\x9F\x94\x9B,on with exclamation mark with left right arrow above
uncategorized,ğŸ”œ,ğŸ”œ,ğŸ”œ,U+1F51C,\xF0\x9F\x94\x9C,soon with rightwards arrow above
uncategorized,ğŸ”,ğŸ”,ğŸ”,U+1F51D,\xF0\x9F\x94\x9D,top with upwards arrow above
uncategorized,ğŸ”,ğŸ”,ğŸ”,U+1F51E,\xF0\x9F\x94\x9E,no one under eighteen symbol
uncategorized,ğŸ”Ÿ,ğŸ”Ÿ,ğŸ”Ÿ,U+1F51F,\xF0\x9F\x94\x9F,keycap ten
uncategorized,ğŸ” ,ğŸ” ,ğŸ” ,U+1F520,\xF0\x9F\x94\xA0,input symbol for latin capital letters
uncategorized,ğŸ”¡,ğŸ”¡,ğŸ”¡,U+1F521,\xF0\x9F\x94\xA1,input symbol for latin small letters
uncategorized,ğŸ”¢,ğŸ”¢,ğŸ”¢,U+1F522,\xF0\x9F\x94\xA2,input symbol for numbers
uncategorized,ğŸ”£,ğŸ”£,ğŸ”£,U+1F523,\xF0\x9F\x94\xA3,input symbol for symbols
uncategorized,ğŸ”¤,ğŸ”¤,ğŸ”¤,U+1F524,\xF0\x9F\x94\xA4,input symbol for latin letters
uncategorized,ğŸ”¥,ğŸ”¥,ğŸ”¥,U+1F525,\xF0\x9F\x94\xA5,fire
uncategorized,ğŸ”¦,ğŸ”¦,ğŸ”¦,U+1F526,\xF0\x9F\x94\xA6,electric torch
uncategorized,ğŸ”§,ğŸ”§,ğŸ”§,U+1F527,\xF0\x9F\x94\xA7,wrench
uncategorized,ğŸ”¨,ğŸ”¨,ğŸ”¨,U+1F528,\xF0\x9F\x94\xA8,hammer
uncategorized,ğŸ”©,ğŸ”©,ğŸ”©,U+1F529,\xF0\x9F\x94\xA9,nut and bolt
uncategorized,ğŸ”ª,ğŸ”ª,ğŸ”ª,U+1F52A,\xF0\x9F\x94\xAA,hocho
uncategorized,ğŸ”«,ğŸ”«,ğŸ”«,U+1F52B,\xF0\x9F\x94\xAB,pistol
uncategorized,ğŸ”®,ğŸ”®,ğŸ”®,U+1F52E,\xF0\x9F\x94\xAE,crystal ball
uncategorized,ğŸ”¯,ğŸ”¯,ğŸ”¯,U+1F52F,\xF0\x9F\x94\xAF,six pointed star with middle dot
uncategorized,ğŸ”°,ğŸ”°,ğŸ”°,U+1F530,\xF0\x9F\x94\xB0,japanese symbol for beginner
uncategorized,ğŸ”±,ğŸ”±,ğŸ”±,U+1F531,\xF0\x9F\x94\xB1,trident emblem
uncategorized,ğŸ”²,ğŸ”²,ğŸ”²,U+1F532,\xF0\x9F\x94\xB2,black square button
uncategorized,ğŸ”³,ğŸ”³,ğŸ”³,U+1F533,\xF0\x9F\x94\xB3,white square button
uncategorized,ğŸ”´,ğŸ”´,ğŸ”´,U+1F534,\xF0\x9F\x94\xB4,large red circle
uncategorized,ğŸ”µ,ğŸ”µ,ğŸ”µ,U+1F535,\xF0\x9F\x94\xB5,large blue circle
uncategorized,ğŸ”¶,ğŸ”¶,ğŸ”¶,U+1F536,\xF0\x9F\x94\xB6,large orange diamond
uncategorized,ğŸ”·,ğŸ”·,ğŸ”·,U+1F537,\xF0\x9F\x94\xB7,large blue diamond
uncategorized,ğŸ”¸,ğŸ”¸,ğŸ”¸,U+1F538,\xF0\x9F\x94\xB8,small orange diamond
uncategorized,ğŸ”¹,ğŸ”¹,ğŸ”¹,U+1F539,\xF0\x9F\x94\xB9,small blue diamond
uncategorized,ğŸ”º,ğŸ”º,ğŸ”º,U+1F53A,\xF0\x9F\x94\xBA,up-pointing red triangle
uncategorized,ğŸ”»,ğŸ”»,ğŸ”»,U+1F53B,\xF0\x9F\x94\xBB,down-pointing red triangle
uncategorized,ğŸ”¼,ğŸ”¼,ğŸ”¼,U+1F53C,\xF0\x9F\x94\xBC,up-pointing small red triangle
uncategorized,ğŸ”½,ğŸ”½,ğŸ”½,U+1F53D,\xF0\x9F\x94\xBD,down-pointing small red triangle
uncategorized,ğŸ•,ğŸ•,ğŸ•,U+1F550,\xF0\x9F\x95\x90,clock face one oclock
uncategorized,ğŸ•‘,ğŸ•‘,ğŸ•‘,U+1F551,\xF0\x9F\x95\x91,clock face two oclock
uncategorized,ğŸ•’,ğŸ•’,ğŸ•’,U+1F552,\xF0\x9F\x95\x92,clock face three oclock
uncategorized,ğŸ•“,ğŸ•“,ğŸ•“,U+1F553,\xF0\x9F\x95\x93,clock face four oclock
uncategorized,ğŸ•”,ğŸ•”,ğŸ•”,U+1F554,\xF0\x9F\x95\x94,clock face five oclock
uncategorized,ğŸ••,ğŸ••,ğŸ••,U+1F555,\xF0\x9F\x95\x95,clock face six oclock
uncategorized,ğŸ•–,ğŸ•–,ğŸ•–,U+1F556,\xF0\x9F\x95\x96,clock face seven oclock
uncategorized,ğŸ•—,ğŸ•—,ğŸ•—,U+1F557,\xF0\x9F\x95\x97,clock face eight oclock
uncategorized,ğŸ•˜,ğŸ•˜,ğŸ•˜,U+1F558,\xF0\x9F\x95\x98,clock face nine oclock
uncategorized,ğŸ•™,ğŸ•™,ğŸ•™,U+1F559,\xF0\x9F\x95\x99,clock face ten oclock
uncategorized,ğŸ•š,ğŸ•š,ğŸ•š,U+1F55A,\xF0\x9F\x95\x9A,clock face eleven oclock
uncategorized,ğŸ•›,ğŸ•›,ğŸ•›,U+1F55B,\xF0\x9F\x95\x9B,clock face twelve oclock
uncategorized,ğŸ—»,ğŸ—»,ğŸ—»,U+1F5FB,\xF0\x9F\x97\xBB,mount fuji
uncategorized,ğŸ—¼,ğŸ—¼,ğŸ—¼,U+1F5FC,\xF0\x9F\x97\xBC,tokyo tower
uncategorized,ğŸ—½,ğŸ—½,ğŸ—½,U+1F5FD,\xF0\x9F\x97\xBD,statue of liberty
uncategorized,ğŸ—¾,ğŸ—¾,ğŸ—¾,U+1F5FE,\xF0\x9F\x97\xBE,silhouette of japan
uncategorized,ğŸ—¿,ğŸ—¿,ğŸ—¿,U+1F5FF,\xF0\x9F\x97\xBF,moyai
misc,ğŸŒ,ğŸŒ,ğŸŒ,U+1F30D,\xF0\x9F\x8C\x8D,earth globe europe-africa
misc,ğŸŒ,ğŸŒ,ğŸŒ,U+1F30E,\xF0\x9F\x8C\x8E,earth globe americas
misc,ğŸŒ,ğŸŒ,ğŸŒ,U+1F310,\xF0\x9F\x8C\x90,globe with meridians
misc,ğŸŒ’,ğŸŒ’,ğŸŒ’,U+1F312,\xF0\x9F\x8C\x92,waxing crescent moon symbol
misc,ğŸŒ–,ğŸŒ–,ğŸŒ–,U+1F316,\xF0\x9F\x8C\x96,waning gibbous moon symbol
misc,ğŸŒ—,ğŸŒ—,ğŸŒ—,U+1F317,\xF0\x9F\x8C\x97,last quarter moon symbol
misc,ğŸŒ˜,ğŸŒ˜,ğŸŒ˜,U+1F318,\xF0\x9F\x8C\x98,waning crescent moon symbol
misc,ğŸŒš,ğŸŒš,ğŸŒš,U+1F31A,\xF0\x9F\x8C\x9A,new moon with face
misc,ğŸŒœ,ğŸŒœ,ğŸŒœ,U+1F31C,\xF0\x9F\x8C\x9C,last quarter moon with face
misc,ğŸŒ,ğŸŒ,ğŸŒ,U+1F31D,\xF0\x9F\x8C\x9D,full moon with face
misc,ğŸŒ,ğŸŒ,ğŸŒ,U+1F31E,\xF0\x9F\x8C\x9E,sun with face
misc,ğŸŒ²,ğŸŒ²,ğŸŒ²,U+1F332,\xF0\x9F\x8C\xB2,evergreen tree
misc,ğŸŒ³,ğŸŒ³,ğŸŒ³,U+1F333,\xF0\x9F\x8C\xB3,deciduous tree
misc,ğŸ‹,ğŸ‹,ğŸ‹,U+1F34B,\xF0\x9F\x8D\x8B,lemon
misc,ğŸ,ğŸ,ğŸ,U+1F350,\xF0\x9F\x8D\x90,pear
misc,ğŸ¼,ğŸ¼,ğŸ¼,U+1F37C,\xF0\x9F\x8D\xBC,baby bottle
misc,ğŸ‡,ğŸ‡,ğŸ‡,U+1F3C7,\xF0\x9F\x8F\x87,horse racing
misc,ğŸ‰,ğŸ‰,ğŸ‰,U+1F3C9,\xF0\x9F\x8F\x89,rugby football
misc,ğŸ¤,ğŸ¤,ğŸ¤,U+1F3E4,\xF0\x9F\x8F\xA4,european post office
misc,ğŸ€,ğŸ€,ğŸ€,U+1F400,\xF0\x9F\x90\x80,rat
misc,ğŸ,ğŸ,ğŸ,U+1F401,\xF0\x9F\x90\x81,mouse
misc,ğŸ‚,ğŸ‚,ğŸ‚,U+1F402,\xF0\x9F\x90\x82,ox
misc,ğŸƒ,ğŸƒ,ğŸƒ,U+1F403,\xF0\x9F\x90\x83,water buffalo
misc,ğŸ„,ğŸ„,ğŸ„,U+1F404,\xF0\x9F\x90\x84,cow
misc,ğŸ…,ğŸ…,ğŸ…,U+1F405,\xF0\x9F\x90\x85,tiger
misc,ğŸ†,ğŸ†,ğŸ†,U+1F406,\xF0\x9F\x90\x86,leopard
misc,ğŸ‡,ğŸ‡,ğŸ‡,U+1F407,\xF0\x9F\x90\x87,rabbit
misc,ğŸˆ,ğŸˆ,ğŸˆ,U+1F408,\xF0\x9F\x90\x88,cat
misc,ğŸ‰,ğŸ‰,ğŸ‰,U+1F409,\xF0\x9F\x90\x89,dragon
misc,ğŸŠ,ğŸŠ,ğŸŠ,U+1F40A,\xF0\x9F\x90\x8A,crocodile
misc,ğŸ‹,ğŸ‹,ğŸ‹,U+1F40B,\xF0\x9F\x90\x8B,whale
misc,ğŸ,ğŸ,ğŸ,U+1F40F,\xF0\x9F\x90\x8F,ram
misc,ğŸ,ğŸ,ğŸ,U+1F410,\xF0\x9F\x90\x90,goat
misc,ğŸ“,ğŸ“,ğŸ“,U+1F413,\xF0\x9F\x90\x93,rooster
misc,ğŸ•,ğŸ•,ğŸ•,U+1F415,\xF0\x9F\x90\x95,dog
misc,ğŸ–,ğŸ–,ğŸ–,U+1F416,\xF0\x9F\x90\x96,pig
misc,ğŸª,ğŸª,ğŸª,U+1F42A,\xF0\x9F\x90\xAA,dromedary camel
misc,ğŸ‘¥,ğŸ‘¥,ğŸ‘¥,U+1F465,\xF0\x9F\x91\xA5,busts in silhouette
misc,ğŸ‘¬,ğŸ‘¬,ğŸ‘¬,U+1F46C,\xF0\x9F\x91\xAC,two men holding hands
misc,ğŸ‘­,ğŸ‘­,ğŸ‘­,U+1F46D,\xF0\x9F\x91\xAD,two women holding hands
misc,ğŸ’­,ğŸ’­,ğŸ’­,U+1F4AD,\xF0\x9F\x92\xAD,thought balloon
misc,ğŸ’¶,ğŸ’¶,ğŸ’¶,U+1F4B6,\xF0\x9F\x92\xB6,banknote with euro sign
misc,ğŸ’·,ğŸ’·,ğŸ’·,U+1F4B7,\xF0\x9F\x92\xB7,banknote with pound sign
misc,ğŸ“¬,ğŸ“¬,ğŸ“¬,U+1F4EC,\xF0\x9F\x93\xAC,open mailbox with raised flag
misc,ğŸ“­,ğŸ“­,ğŸ“­,U+1F4ED,\xF0\x9F\x93\xAD,open mailbox with lowered flag
misc,ğŸ“¯,ğŸ“¯,ğŸ“¯,U+1F4EF,\xF0\x9F\x93\xAF,postal horn
misc,ğŸ“µ,ğŸ“µ,ğŸ“µ,U+1F4F5,\xF0\x9F\x93\xB5,no mobile phones
misc,ğŸ”€,ğŸ”€,ğŸ”€,U+1F500,\xF0\x9F\x94\x80,twisted rightwards arrows
misc,ğŸ”,ğŸ”,ğŸ”,U+1F501,\xF0\x9F\x94\x81,clockwise rightwards and leftwards open circle arrows
misc,ğŸ”‚,ğŸ”‚,ğŸ”‚,U+1F502,\xF0\x9F\x94\x82,clockwise rightwards and leftwards open circle arrows with circled one overlay
misc,ğŸ”„,ğŸ”„,ğŸ”„,U+1F504,\xF0\x9F\x94\x84,anticlockwise downwards and upwards open circle arrows
misc,ğŸ”…,ğŸ”…,ğŸ”…,U+1F505,\xF0\x9F\x94\x85,low brightness symbol
misc,ğŸ”†,ğŸ”†,ğŸ”†,U+1F506,\xF0\x9F\x94\x86,high brightness symbol
misc,ğŸ”‡,ğŸ”‡,ğŸ”‡,U+1F507,\xF0\x9F\x94\x87,speaker with cancellation stroke
misc,ğŸ”‰,ğŸ”‰,ğŸ”‰,U+1F509,\xF0\x9F\x94\x89,speaker with one sound wave
misc,ğŸ”•,ğŸ”•,ğŸ”•,U+1F515,\xF0\x9F\x94\x95,bell with cancellation stroke
misc,ğŸ”¬,ğŸ”¬,ğŸ”¬,U+1F52C,\xF0\x9F\x94\xAC,microscope
misc,ğŸ”­,ğŸ”­,ğŸ”­,U+1F52D,\xF0\x9F\x94\xAD,telescope
misc,ğŸ•œ,ğŸ•œ,ğŸ•œ,U+1F55C,\xF0\x9F\x95\x9C,clock face one-thirty
misc,ğŸ•,ğŸ•,ğŸ•,U+1F55D,\xF0\x9F\x95\x9D,clock face two-thirty
misc,ğŸ•,ğŸ•,ğŸ•,U+1F55E,\xF0\x9F\x95\x9E,clock face three-thirty
misc,ğŸ•Ÿ,ğŸ•Ÿ,ğŸ•Ÿ,U+1F55F,\xF0\x9F\x95\x9F,clock face four-thirty
misc,ğŸ• ,ğŸ• ,ğŸ• ,U+1F560,\xF0\x9F\x95\xA0,clock face five-thirty
misc,ğŸ•¡,ğŸ•¡,ğŸ•¡,U+1F561,\xF0\x9F\x95\xA1,clock face six-thirty
misc,ğŸ•¢,ğŸ•¢,ğŸ•¢,U+1F562,\xF0\x9F\x95\xA2,clock face seven-thirty
misc,ğŸ•£,ğŸ•£,ğŸ•£,U+1F563,\xF0\x9F\x95\xA3,clock face eight-thirty
misc,ğŸ•¤,ğŸ•¤,ğŸ•¤,U+1F564,\xF0\x9F\x95\xA4,clock face nine-thirty
misc,ğŸ•¥,ğŸ•¥,ğŸ•¥,U+1F565,\xF0\x9F\x95\xA5,clock face ten-thirty
misc,ğŸ•¦,ğŸ•¦,ğŸ•¦,U+1F566,\xF0\x9F\x95\xA6,clock face eleven-thirty
misc,ğŸ•§,ğŸ•§,ğŸ•§,U+1F567,\xF0\x9F\x95\xA7,clock face twelve-thirty